x1,x2,x3,x4,x5,x6,y
-1.0,-0.9105028788550836,-0.8831252882382995,-1.0,0.1707965735506367,0.5397850111205625,-4.138977342299974
-0.6644798123990203,-0.4518275345630086,-1.0,-1.0,-1.0,-1.0,2.9516003595538605
-1.0,-1.0,-0.9619806087390436,0.8411070832229214,0.40785160063430537,-0.011884973837286775,-5.420923142221534
1.0,1.0,1.0,1.0,0.03173202098820682,0.16138670875284913,-2.6839455348672576
-0.8617914032822609,-0.6609296293589259,-0.8073655247699205,-0.9642750765876456,1.0,0.23733597796302802,-0.1704448107267933
0.03648318002099771,1.0,1.0,1.0,-0.6632311461986166,-0.4879707244383,-0.7940086259594769
0.7615773744945424,-0.24673295560223663,-0.9861980242039605,-0.7020191072257149,-1.0,-0.3876612370693546,3.6525367678087615
-1.0,-0.4948526041608887,-0.32228058629611267,-0.19464886443934726,0.3834690892984248,0.7316250401429598,0.5626730247061817
-1.0,-1.0,-1.0,-0.14058605083593134,-1.0,-1.0,-0.007556412805126811
0.1420201990045926,-0.37662914550320636,0.5980876068171072,-0.30819659828217266,-0.6532146396154097,-0.18677245036445883,1.9273086212360528
-1.0,0.5334912209692658,-0.694020842737773,0.8952749671319314,0.24428703375851066,1.0,6.027608380635671
-0.778509931248967,-0.30987047497295794,-0.629437066502667,-0.9278452759073821,1.0,0.5085961189813091,3.2521893399144375
0.13039849943445825,1.0,0.8061010133430402,1.0,-0.18167169747479117,-0.5551462912544028,0.34584602764211514
-1.0,-0.48911904945843987,-0.9681636465366041,-0.1662335006719431,-0.8329571764773789,-0.8617987414947879,0.6143232205912661
-0.3401280516916657,-1.0,-0.07544584044104483,-0.20079365246551548,-0.9160293235393523,-0.582816985103247,2.196401050574793
-0.9888727049304902,-0.9783092462105569,-0.6333380828361994,-0.7944421323499855,-0.32727885629951536,0.15619004431576455,-2.698032881841612
-1.0,-1.0,1.0,0.5112166605007455,-0.08525437303774841,0.35758232974920157,-0.03090242746179639
0.6523469831842355,1.0,-0.31148966637694236,-0.4637512088667705,0.5359839517358393,1.0,5.855067919747287
-0.9682418544113229,-0.8934154758293806,-0.993959972371858,0.8592450299444174,1.0,0.5291562394008456,-2.5747408718289373
-1.0,0.30612065393002097,0.567575836022943,-1.0,1.0,1.0,4.391194218931623
0.28233929834596144,-1.0,-1.0,-0.5001936922880036,-0.5837887522310755,-0.3412319885917221,-0.5030030187224052
-0.28967074317648334,-1.0,-0.44993904251905525,-1.0,-1.0,-0.998970602917244,7.9598325466939555
0.05104131205728424,0.8732366263236719,0.7364265758976947,1.0,0.2687898343211599,1.0,-2.443829857755873
-0.239970827060624,-0.5900182914353935,0.08607359998148567,-0.07933665673154167,-1.0,-1.0,1.7719416148735754
-1.0,0.4507069393043859,-1.0,-0.3498882485454774,-1.0,0.3929366272168612,-1.127471080927123
-1.0,-1.0,-0.8186250914399564,-0.18377911869946478,-0.23573468993539637,0.03424230182817811,-3.018312368371076
1.0,0.5569170424158894,0.804866274676358,0.6000793015336914,0.4879887656849874,0.3377438193337914,-3.1679421325512127
0.2794206473643427,-0.25845945463190245,1.0,-0.08580868775195888,-0.8729283926281125,-1.0,2.203129917438384
-0.7518718221923144,0.6829560047699913,0.10545131597002155,-0.7471943090175807,0.20764600475128314,-0.09926089754655959,-0.26703346943347567
-0.057740162573120646,-1.0,-0.12129702704082845,-1.0,-0.8574096250375571,0.25328757620890874,2.531443041009476
0.8161379102008508,1.0,1.0,1.0,0.7053602389986886,0.9198584310393177,-8.185299776398564
1.0,0.3472238338964786,-0.30591978824611177,0.9513746627696757,-0.9815933159888702,0.07936104116451748,2.7378584813430615
-1.0,-1.0,0.13079468983184817,-0.2676162147849225,-1.0,-0.1270625533318639,-1.4303623663422644
0.9509002298546689,1.0,0.6098430335205154,-0.09187525089715629,0.7561620564708285,-1.0,-1.4075312402341995
0.43596373961461576,1.0,-0.7756432019188129,1.0,-1.0,-0.46602704734967704,5.412915078651971
0.9495506998755585,1.0,1.0,0.717484875807767,-0.021770798097521443,-0.42562619274186564,-0.6803069397704973
-0.1988711938238656,1.0,1.0,0.2748082464852064,-0.2359729079362633,-0.02345568163495862,-2.894079638849361
-1.0,-0.12299550652594235,0.08666448389618009,-1.0,-0.3253276208891831,-1.0,2.9446485904777044
-0.5873302261981389,0.7348773780794133,0.013379976676643146,-1.0,-0.04297550559778899,1.0,3.982036433453564
0.19042345915615772,-1.0,-1.0,0.4440949794504675,-1.0,-0.23519159672817103,-1.6315257287303324
0.3987182077620184,-0.7259898303419576,0.7771336761324654,1.0,0.2506357752470789,-0.7328379636396087,1.0038678018178366
1.0,1.0,1.0,1.0,0.24910981220100015,1.0,-6.326020147843724
1.0,1.0,0.3732554262289083,0.8477239268778347,-0.02808428985434419,-0.15748356340201985,0.028663599921940452
-0.3001167564474161,-1.0,-0.39855911738280114,-0.6712246065883477,0.3467570328613878,-0.7953712400029289,2.7333217015578803
1.0,0.823902596290472,0.8649949697937702,1.0,-0.011036661801545972,1.0,-2.2657886940791205
-1.0,-0.9472125235269816,1.0,0.09385161258151298,-1.0,-0.4073972556177765,0.30055350377442
-0.3978592259635645,-1.0,-1.0,-1.0,0.6479937537552865,1.0,-0.6700155626104368
-1.0,-1.0,-1.0,-1.0,0.8114098520483541,-0.7098510689882048,-2.554687461095521
1.0,1.0,0.5996540965012771,0.15575881482900455,-1.0,-1.0,5.497969080222213
-0.552851617575469,-0.7799118757386134,-0.8370341087482029,-0.09560225101682951,-0.43761317050205684,0.4292964730091704,-2.078695047463194
-0.4594464003524966,-0.8700344370902477,0.5011043535483198,-0.6364042789837069,-1.0,-0.6520540755234525,3.2346320719714847
0.32100766583972795,-0.6714432535262957,-0.3527891852919416,-0.6706170604683275,-0.6424232002315986,-1.0,3.6966084066398457
-1.0,0.4986412300216805,-0.827027561782274,-0.029512298997092845,1.0,0.1911733241596112,1.4875142535897627
1.0,-0.03375080007612563,-0.4815660922583027,-0.8992340041208718,0.20980303270744582,1.0,1.5073212265822402
1.0,0.6126254121722294,1.0,0.43524266887326846,1.0,0.9327198309883058,-5.932964144463842
-0.7619889909430476,-0.5966055310333407,-0.05348039710492747,-1.0,1.0,-0.4353286675162077,5.520474390058459
-0.10452945266136326,1.0,1.0,1.0,1.0,0.5207629093449138,-6.909466604688738
-0.314544303214111,0.45841352018538795,-1.0,-0.36294720561660837,-0.40714542081066596,-0.9348192704773071,1.5490957585187983
0.23152978101986277,-0.30422538989506254,0.026045759312737254,-1.0,0.6090051952134585,0.8933470877480276,1.043250358120481
1.0,-0.8728420680745863,0.28547467059431686,0.8095085495527478,-0.2847003860588372,0.19195064258948102,2.404474250995529
-0.43573069635949924,0.9990731915797266,0.0702110252807489,-1.0,-0.1242344931349138,0.004212412056940784,-0.9113168027233559
1.0,0.43703694504778,1.0,0.35826656548200386,1.0,-0.19228519590751114,-3.4727364256266258
0.8795212802016397,1.0,1.0,1.0,-1.0,-1.0,7.156419656540167
-0.5252383338955791,-0.5694611283184887,-0.012483771977396557,-1.0,-0.9428108800366513,-0.21681740772270963,2.2595250310016852
-0.7798907797120926,-0.6674493045347099,-0.33484553820661533,-0.638420415202809,0.2989362232442443,-0.8193225352928767,3.6492514411220474
0.19061065883998302,0.6455955495121906,-0.44219106856715035,-0.03307211010491176,-1.0,-1.0,1.6767610248690756
0.6722665536547703,-0.1735509327303788,-0.39516581483878466,0.5713744627932631,-0.7554454434215176,-0.8150479522173794,4.183026868219592
0.3940834565458864,-0.35304943417229895,0.15320328057781585,1.0,0.6715215821200646,0.46735439637420834,0.3814557436766695
-0.2614853698844382,0.05702277565893887,-1.0,-0.6475662748984328,0.2805425270423245,1.0,7.6085830622590525
-0.8745993110707477,-1.0,-0.23974210391124973,-0.5912829379346671,-1.0,0.06856011129254105,-1.0880223184674658
0.9306091142672039,0.8919002576357299,0.8189625177921638,1.0,1.0,0.0036432334026076374,-5.72858079786465
-0.1945805978347371,-0.08120047392338092,-0.807914628387336,-0.861327064049774,0.8827105010390275,1.0,5.9595427782982355
-1.0,-0.6482161606267007,-1.0,-0.06204074877108351,0.61011886029512,0.0015843130959478924,-2.410688281289801
0.976347929074068,0.9262535078295119,0.3085262749928894,0.04395370660476539,-0.03956360764927869,1.0,2.2660624092812616
-0.3427850729838417,0.2672292861140233,0.06470750697295613,0.4270181530713886,-0.7539122546952988,1.0,1.7438756689547126
0.7258160901788958,-0.5089529156359727,-1.0,0.20004848036477052,0.18435183417794782,-0.4493008042115551,-0.22774015615447624
0.46979226615127934,0.01338357087304054,0.9836424977295526,0.1556362798819666,-0.19776501976054775,0.5231104868656459,-0.8818738908579721
0.9381593850539933,-0.6290324903716173,-1.0,0.608523218078755,0.18080059272788712,0.5257022660584966,0.787275994244077
0.012911147976718357,-1.0,-0.787176094069354,0.9979651446149499,0.29815372942773144,0.411341143214657,-0.613149828256556
-0.6048350703054297,-1.0,-0.5797869909921747,-1.0,-0.621077115042338,0.3266674618922037,-1.9336337627129252
-0.4914976353071729,0.4665020837723877,0.5345861650083534,1.0,-1.0,-0.007659427597507484,-0.9906464271961031
-1.0,-0.6162234359672845,-0.4476895151279523,-0.2346235009538108,1.0,1.0,5.6439949425625064
0.07505431651027328,0.9365095239297605,0.2816317615586366,0.16381092379019813,1.0,-0.013210905181993526,0.6010224567301261
0.513380618214728,0.9904726272171296,0.5231426417646481,1.0,0.3976728812042445,-0.20714905836886355,-1.7619503097976998
0.06482273374277592,-0.87548854470647,0.143191491915167,-0.2526790998728734,0.06615824939519932,0.4385155854412668,-0.2735958293579747
-0.707992801782111,-1.0,-1.0,-0.06915456659302247,0.006229959939094698,1.0,2.8654877504009444
0.4939764736335577,1.0,1.0,0.2688388626885194,0.27306625382491045,0.4319558671632877,-4.347606401253017
-1.0,-0.38530072600992193,-0.6035606705755301,-1.0,0.41455965196403194,1.0,3.105050776696017
-1.0,-0.4600669260313899,-0.44539544203770354,-0.3058872799988914,-1.0,-0.5409747109347046,-0.9929108956283741
1.0,1.0,1.0,1.0,0.04123092884382884,0.41693913845514396,-4.037765531893417
-0.9223579000660715,-0.0419551690507709,0.04991242363886106,-0.4725491792424818,1.0,1.0,5.113142543134829
-0.46577336545577674,-1.0,-1.0,-0.19178942394486076,0.14057696308192447,1.0,1.9263620761368438
-0.7224853493969525,-0.17730245031789568,-0.14348658153503546,1.0,-1.0,-0.2143434638147279,-0.6888102346706655
-0.43986176578227787,-1.0,-0.44206472907339966,-0.30751544695334826,1.0,1.0,3.7018448313897703
0.44582812509734715,-0.7069059660065736,0.8737877098198161,-0.5879051450337471,0.7379849132896876,-0.3749797254784509,0.791022237020444
-1.0,-1.0,0.7671110458198248,-0.45087750299886364,-0.2715940503828971,0.4208851520233783,-1.7783449824516495
-0.28367113457627857,-0.4330533300701124,-0.942787597636761,-1.0,-0.98590291271536,-0.9799439208526024,3.254155977636745
-0.3683299716432629,-0.5882664825527764,1.0,0.6628653242015597,0.7842779085753613,1.0,0.5137045085052561
-0.8278694890268785,-1.0,-1.0,-1.0,0.5342137334667317,0.01223904143236379,-6.729531205357402
0.736400324139016,0.7907344395924136,0.998169242543546,-0.8774841840563798,0.6704331560954422,0.8040753785807511,-2.5033929259214185
-0.8417695374658744,-1.0,-1.0,-0.6662016967329452,-0.7958806135314718,-0.7166502311138075,-0.7282828120070833
-0.19926088735156489,-0.6250592468071816,0.09452988183553923,-0.30405982055827874,-1.0,-0.5919324489771496,0.803362858372606
-1.0,-0.6925097082051381,-0.07535892219343931,-0.506580705427661,-1.0,-0.4450977009686394,-0.5433123623240061
0.15626638637144408,0.7343068588341439,-0.1505356264656313,1.0,0.9813456155264817,0.9789269263404203,4.045160900945077
-0.048564837678489514,0.6325680304915063,0.029680096482795126,-0.6288709765655678,-0.30228660498945037,0.16056438588814614,0.9227353157286216
0.0334449486220425,1.0,1.0,-0.2871934420698061,0.8550522430764755,1.0,-0.9206055037404093
-1.0,0.5279909694336895,-0.8215189001738341,0.06937882425312797,-1.0,-0.8203037308727795,-1.097361846838353
0.7509492543736453,0.4761542079790777,0.40197645795850595,-0.45497878226066213,0.9412557426951736,1.0,1.8095073132584085
0.36644929964571316,1.0,0.6649662103002416,1.0,-1.0,0.28243773990719956,0.7961851797857278
0.6208914260621504,0.5600504482306068,0.897980828052425,1.0,1.0,-1.0,-2.9281534903855304
0.36927758077145756,1.0,1.0,0.392999570797134,0.35973388358194935,-1.0,-1.597834918612907
0.3559542262190125,0.8147367711974554,0.3508216245948982,0.9393621071220333,-1.0,-0.7052428914877454,3.8542956998012343
0.03808674565567538,-0.9277807947415111,-1.0,-1.0,-1.0,-0.4719794353246045,3.2297486440403036
-1.0,0.005135388747652347,-1.0,-1.0,0.8287543077266546,0.5524876150153643,1.7223303857333605
0.0002007195427448094,0.08169473231932611,-0.8193390804208474,-0.5248670865733855,-0.3794241085259016,-0.3671563683436634,-0.7794978889886024
0.03535406372132821,0.9235375764994096,-0.6632049254939967,-1.0,-0.9745550261309053,-0.16901736171337683,3.9126011802368716
1.0,1.0,-0.037065838495201064,0.0737083651122048,0.10295531074205111,1.0,3.2821841319977345
-0.03558806742520315,0.08739137746474704,-0.07978627950013284,-0.45856416611569256,-1.0,1.0,5.530876676135961
-0.07863112694402591,0.7250072868738502,-0.04861408782171167,0.6481717625763179,-1.0,-1.0,2.9139321264154345
0.3164898595714575,1.0,1.0,0.1440189989559839,-1.0,-0.2896293995596828,-3.0995285472094123
0.13790976102048458,0.3475493733184367,-1.0,-0.8143764169212033,-0.3235487302350191,-1.0,1.1896741212834383
0.5190107758546467,1.0,0.6386574248459536,-1.0,0.08788332235590701,-0.16544051244939995,-1.7337615754175437
-0.05402677183652216,-1.0,-0.5157569591387194,-0.7601879378301233,-0.4302768279119005,0.3682242086251894,-0.8016756663223877
0.035987240875603926,-0.21639429667055354,-1.0,-1.0,-0.5302709904623577,-1.0,2.9454519531919114
-1.0,-0.18469598945554208,0.2608613612255175,1.0,-1.0,-0.8410978107556031,0.30587030763739903
-0.40252200872535043,-1.0,0.574643108308337,-1.0,0.5306912999727638,-1.0,7.573020401251705
-1.0,0.10352517623137003,-1.0,-1.0,0.2676572366869969,0.33378185023849416,0.0672233672869379
-1.0,-0.6247158992938797,-1.0,-0.5678305580608543,0.17424557604712876,-0.7362260015599942,2.275932776315072
-0.3764727781663448,0.8834278300654639,-0.44102207280213934,1.0,-1.0,0.7890403718923017,1.9176063178748026
1.0,0.5860320945051374,0.19245671265927666,0.9405905023024463,0.3207682641169197,0.34460153174532115,-0.6165778053896414
0.40194051285159993,1.0,1.0,0.3611823339329421,-0.2996606354051893,0.0031562916050881587,-1.6522969201820252
0.3237337234524406,-1.0,0.42253791823821946,-1.0,-1.0,-1.0,13.088599707676357
-1.0,-1.0,-0.543819745361137,-1.0,-0.5462051496364885,-0.09541492637746385,-2.4971415436775506
-0.13868855092330298,0.2750144198714261,1.0,-0.30008280351512867,-1.0,-0.6073797031123278,-1.2798542476417833
1.0,0.8262321028394162,0.3147351800588841,-0.43058135735953046,-0.24811679055385494,-1.0,4.960407316564086
0.427336972890073,-0.4449315422138533,-0.7225814790869867,-1.0,-1.0,-0.2946542101676606,3.4928705946478265
-0.12685065640968568,-0.1906794849660296,-0.5123993690231091,-0.039808425242692166,0.1868735371022121,-0.16991427058640163,-0.12048312137428693
-0.8064015680423955,-1.0,-0.42146752926801856,-1.0,0.24496689992473952,0.13968806681768098,-2.754316799468506
1.0,0.7289685952422755,-0.12987785147219436,0.05154015630973585,1.0,-1.0,-0.6847917068247933
1.0,0.8832471686469907,-0.06895581191709965,-0.5341566257575416,-0.07413999113088646,0.647817894013902,2.5939113351447114
-0.9304415391325767,-1.0,-0.09730041917640667,-0.41719237755737787,1.0,0.29048733114600234,1.3063712255329665
0.4499083720835374,-0.11787102751461265,0.6390953915484548,0.20267466081242314,-1.0,-0.1319154721551017,2.38232119233451
0.536162576354173,-0.6146792242583652,-0.19887357106429343,1.0,-1.0,-0.3038454403842481,4.078243417184442
-0.7047207681379719,-0.7685906364721147,-0.6412225273603889,-1.0,-0.9227878448337992,-1.0,4.311545897270845
1.0,1.0,-1.0,1.0,-1.0,-0.0870402672818597,8.712751871496067
-0.3742531512606895,-0.7976682580178516,-1.0,-0.0810636091855843,-1.0,-0.7361098568338177,-0.8678413360099327
0.19032051633266422,1.0,0.33061449619502303,0.06883329980214792,-0.059540955674729,0.27332877762705565,-0.26330723866966577
0.530974840647395,-0.8492820677037699,-0.208925467630106,-0.5372211020831998,0.1559522594305095,0.2000744889195413,-0.3744983381230633
-1.0,-0.48333995294540893,0.028985404453376648,1.0,0.31810764578470163,0.3375995571964783,0.5399910805720058
-0.10550049129889727,-0.8232664917104897,-0.9833787703138914,-0.9860188730444709,-0.4813211109268539,-0.5844834237363465,-0.326162806578583
1.0,1.0,-0.014833691162640772,1.0,1.0,-0.14603458310452777,-2.149197353886034
-0.1619994515179155,-0.2874076371961365,1.0,0.5939986543296815,0.6690925098926286,0.37331188134228205,-1.6000742879794676
1.0,0.20357781342455716,0.22222905157710643,0.03765017968959761,-1.0,-1.0,7.726379441774819
-0.24382253795367803,-1.0,0.407750976288592,-1.0,0.03605033195346019,-1.0,7.353811235548941
-0.130667086101233,-0.578393841586205,-0.9528884211992166,-1.0,1.0,0.4273260610662289,-0.46007909063371033
-1.0,-0.7143248311303925,-1.0,-0.07452698241257047,-0.7704661857414623,-0.44483335982114336,-3.4424279850157875
-1.0,-0.9804295478514615,-0.8863085598291787,0.24402402559888525,1.0,0.5387954868743405,-1.016769145650562
0.3172850346074043,0.9238665522660732,0.6026699522070944,0.7103665515501036,-1.0,-0.6960876844487668,2.0656124802332525
-0.5290950307937679,-0.5720246028291495,-1.0,-0.0437885899493419,-0.23669979787925316,-1.0,4.3247949838135895
1.0,0.08705347066104885,0.7980098651657903,1.0,1.0,0.7681836090339403,-4.955988022598193
-1.0,0.7606398921370564,-1.0,-1.0,0.8434547013195164,0.7015110716134405,6.728333630468642
0.463003775819782,1.0,1.0,0.2458444352552578,0.21186642316236337,-0.10054091823729017,-2.7486427943149
0.549196813098492,-1.0,-1.0,0.15754155701446304,-0.8229763258598471,-1.0,3.4585463513506927
-0.2553055666321274,-1.0,-1.0,-1.0,0.10802865832296882,-0.2724766716675917,-3.468979324168869
-0.8475416531899789,-0.7621655930627699,0.7996406644667915,0.9284438409804235,-0.4948671780442216,1.0,-1.5600863655500135
-0.7738438849776316,-0.4515502424906517,-1.0,-0.968350786836697,0.646722767623938,-1.0,5.567375428250317
-1.0,-0.4459292829318591,-0.7663761549016815,-0.029135808973431987,0.07744708851145643,1.0,4.483763021025283
1.0,1.0,1.0,0.7207387706810826,-0.007825372429899558,-0.5922980777781242,-0.2741076966442263
-1.0,-0.023428430217798057,-0.9754154998353306,-0.24168894530925988,0.8410777954219093,0.5963232768000115,1.5768263919013736
0.12500401217498858,0.900941846555189,0.4246939955443215,1.0,1.0,1.0,0.7652069804378054
-0.3921197618257415,-1.0,-0.526293346808727,-1.0,0.9712729306415111,0.06120467564978288,-0.425846878782959
-0.6716743385068668,-0.016495413774568535,-0.8224371621902966,-0.8665290066699383,1.0,-0.5420394767568927,1.0271972748263398
0.9937795094646981,-0.7702738146802408,-0.47127666191939066,-0.08008504215034473,0.5889293434673128,1.0,0.26771290504511347
-1.0,-0.4147716788950957,-1.0,-0.22674855234419566,-0.1129211945467663,0.6907140247255414,2.2169942656451123
-1.0,-1.0,-1.0,-1.0,1.0,-0.8622088353987594,-1.2915915110631642
-0.7432659359875886,-1.0,0.13532044438581076,-1.0,0.9512216476287171,-1.0,8.275324470916852
1.0,0.2899260059234601,-0.09579188748774925,0.02576817505668183,-0.931204836515507,-0.4351339391552871,2.9237301813183008
-0.0786709163402575,0.29033020386341046,0.2475330554265967,1.0,0.08519039338560797,-1.0,2.7271907274376916
0.1858026796295087,-0.313999655195788,-1.0,-0.1324593277507795,0.31013525477354664,1.0,6.531933463812671
1.0,0.01133775530037795,1.0,-0.24002371966178138,1.0,-1.0,-3.1845815143197918
0.5939449068554761,0.49789791753808954,1.0,0.5579042564104131,-0.4516361632162945,0.30916016214873654,-0.8318907478930171
-0.5995791841267153,-0.730338366184134,1.0,0.4854093289349417,0.2515024790742848,0.4771008029100525,-1.0280586990098406
-1.0,-1.0,-0.09693104952478707,-0.766570712587447,-1.0,0.6313813074280137,-0.9286018770943609
-0.9642249319185064,0.1939941929180461,0.032848002928704295,1.0,-0.0417253373323353,-0.0537776947952511,-0.1647450074979186
0.4092738995574049,0.32413137824817856,0.644120563020099,1.0,0.07419961606765374,-1.0,4.06304903622681
-0.15129285078783927,0.939159374489987,0.01360746900505816,0.7177938599724416,0.025969617310878254,0.4189462150752884,0.5130664076950446
0.5668231759809189,-0.061576665641961376,-0.14950672561538803,-1.0,-1.0,-0.8650207199174113,3.894063045988079
-0.28073063549747096,0.0793618423723303,-0.1966890369500636,-0.11104900066590156,0.04786075450352434,1.0,4.176387378587537
1.0,1.0,-0.130381575126716,0.07321090995489288,-0.953426557391108,0.5959743584351559,5.485678720007959
1.0,1.0,0.3904468662983738,1.0,-0.7017263427346899,-0.0759964834697387,3.2983366981677293
0.457608152103103,1.0,0.5821345918927636,1.0,-1.0,0.04863208322238732,2.1523490009159527
1.0,0.9614897187141151,1.0,1.0,-0.6998636355086156,-0.5932358163544693,4.948078018169582
-0.7528037578539555,-0.13069945529546406,-0.3769540002030145,1.0,0.0800671673010987,-0.22834621411134548,-0.9805219446167885
-0.07137077644789058,1.0,1.0,0.16596212442652114,-1.0,0.14430607635245685,-3.354377157241632
0.20095799118746338,1.0,-1.0,1.0,1.0,0.22442987854011398,-1.185452833222894
0.9274127310758178,-0.17423653461723831,1.0,-1.0,0.7385752091391062,0.6339836367331011,-5.219521730040248
0.9745619992413506,1.0,1.0,1.0,-1.0,-0.7497396347405665,7.369877241724531
0.9191881845855988,0.7128468275444415,0.442328023760859,-0.08910497364842973,-1.0,0.1319120687007007,2.094184329448017
-0.10245636096590893,0.8680636581118384,-0.14164412887644184,1.0,-0.5335483826953601,1.0,2.9720434145809036
-0.10388245518829786,-0.960289750736702,-0.3383675815704177,0.7414807325213348,-0.24938447275932962,-0.8272350061999683,0.9460043367365463
0.7827979927522155,1.0,1.0,1.0,-1.0,-0.7902345286158303,4.814926966777107
1.0,0.670148603749663,-0.38339275648532667,1.0,0.7584526175197981,0.5509041979673288,-1.5565476418891662
0.9649166986293545,0.5323410862699018,0.1397015431397144,1.0,0.21550036348901427,-1.0,4.3495505676718915
0.7491931609263153,0.29998278875860523,0.0794356136213295,-0.40625668308534596,-1.0,-0.23977831740210687,2.6051463225551945
-0.8249760978393088,-1.0,-0.4461490970664952,-1.0,-0.31243197801755873,-0.045800554615816336,-1.8651173695550867
-0.9388750734933308,0.7981385401849375,0.8768690153444221,0.3485416259186051,0.5205020566680203,-0.6417933379089622,0.7358008594072875
-0.245402174695467,-1.0,0.33078356366716316,-0.8107315299551812,0.06234813905399539,-0.7409485650500387,3.908225809350425
-0.7035502621719352,-1.0,-0.21123965748509232,-0.3080932801364109,1.0,1.0,3.218719864376663
0.9377542823671237,0.738120434217214,1.0,0.06449629956224961,1.0,1.0,-5.170434865121964
1.0,1.0,-1.0,0.614631175830047,0.04619566140972342,0.8067207860301226,4.659895484472358
0.5943321761535548,1.0,1.0,-0.6062856967448806,-0.8182033703980239,0.5118644469267777,-0.9680851449386237
-1.0,-0.0954798541362881,-0.2501682404581096,-0.389828375951048,1.0,-0.20485094224615982,2.9566077976189753
1.0,0.5954691459852746,1.0,1.0,-0.17970479467223044,0.8884966803353029,-1.1715130009605084
1.0,0.3530599664557963,0.30797558193930286,1.0,0.27220851020297643,-1.0,4.753630479398997
-0.5008005318106667,-0.3693754724397924,0.05976655281065987,-0.3587231923045404,-1.0,0.12046882301405659,-0.9921391467871598
-0.6987124830880251,-0.10943568111364899,-1.0,-0.49852031323510926,-1.0,0.32737948047688686,-1.5963415747002212
0.9319003164501316,1.0,-0.8278409057652361,-1.0,1.0,-0.17333203792056895,-0.27381076692987155
0.6605109066114841,-0.9102271551247704,-0.4729731772994209,-1.0,-0.9388353592909968,-1.0,10.026760058707648
-0.5421980180348756,0.5903337198765078,1.0,0.636455777780383,-1.0,0.16038901100901407,-2.647673506669441
-0.7209397765197346,-1.0,0.7682396916203482,-0.4513038893043154,1.0,-0.3629315400316088,4.531968840605537
1.0,1.0,-0.1661660038344533,0.6479435026055502,0.7490179411755234,1.0,2.6773339572286647
-0.5414987196969091,1.0,-0.22137954866151865,-0.07684957651899926,-1.0,-0.46966568112934726,-1.3935841054562679
-0.3294207005411593,0.47866195021553315,-0.4631863138048033,-0.43056462359439585,-1.0,-0.5892395667744204,-1.4593413734548613
0.537188836083412,-1.0,-0.588877900777608,-1.0,-0.4020835626744188,-1.0,6.937162920300034
1.0,1.0,-0.669455382959832,0.7346986448925511,-0.24036927281892734,-0.4030886722987662,3.9003963529431274
0.2724302820258231,0.5925723000736609,0.3324469536402941,0.3176925869334126,0.4792001142687303,0.5269986522326754,-0.34432120946726236
0.9141314888052623,1.0,0.7495006363949238,1.0,1.0,0.9023278016790739,-5.981046802312522
0.4638862587789838,-1.0,-0.058422182001174106,0.4592500070673144,1.0,-0.12019066890882302,-1.79659930534054
-0.7942118706401082,-0.3202243625569522,-1.0,-1.0,1.0,-0.6853511436667493,1.9939991029745954
-1.0,-0.5459556461727996,-1.0,-1.0,-0.3607962964537009,-0.910901363054329,4.2287738440899085
0.1681104489913126,-0.5427015998509983,0.30038923595801365,-1.0,-0.7805860814105587,-1.0,6.778190499610701
0.31976232735948396,0.32327598305558247,-0.2503663106364269,0.7825539965003538,-0.15682496100041465,-1.0,3.1854714607030474
0.23580079897695017,-1.0,-1.0,0.43646908966621073,-0.7791634269404686,0.2894125772767143,-0.8619867785980789
-1.0,0.07884757046931834,-0.7338490653040894,-0.8333860938657472,1.0,0.05244114813725753,1.8331550035834985
-0.31327096932876386,0.6883187858747081,-0.5379057432269065,-0.612842371962607,-0.2917350376842724,0.7441741348429469,3.617015168179464
-1.0,-0.22558348394497507,0.08363433782674612,-1.0,0.7061502251485896,0.08343896679554252,2.298055313220384
-1.0,-0.13009479545452973,-0.595898889969185,-0.4220289442194587,-0.6224135466468946,-0.5548668769118351,-0.725031024072969
-1.0,0.22118763541619862,0.1346097405472127,-0.36533938427054236,-1.0,-1.0,-2.1545838726914206
0.4486720215109863,0.3650497756250569,0.40976710866934285,-0.8168238581029998,-0.690141395650476,-1.0,3.2834367069590433
-0.17648569826261395,-0.13621932179960927,0.5791199574208012,-1.0,-0.39565895895970016,-0.9689744447897666,1.3715513549246807
1.0,1.0,0.4572393727727977,1.0,-0.324775822929789,-0.4396089243471397,3.5862758865939974
-0.9771426260374962,-0.6963749202557119,-0.5785138971740387,0.07115779011866208,-0.8163514963100547,-1.0,0.7155120079681824
0.762575220946969,0.9482266591952815,-0.803848316047991,-1.0,-0.33595021838036976,-1.0,3.212129902802795
-0.9508633017321162,-0.9935239842647698,-1.0,-0.08673869372818466,-0.5193803658360144,-0.6356974077578801,-2.16082850450199
-1.0,-1.0,0.3151747545663838,0.048261348424499306,-0.6062033510877679,0.42471435122784784,-2.044571263969689
0.8281257202775232,-0.6306209325090599,0.5865462648082174,1.0,-1.0,0.6189449233371801,6.263037677804037
1.0,1.0,0.7121082234494991,0.3897406193730395,-0.2065464771012414,1.0,-1.2105029779220122
0.008275703580604032,-1.0,-0.22580530347210015,0.6207272034495703,-1.0,-0.1902495169737497,1.7466323758365936
-0.6478951202376553,-0.5864776505869127,-1.0,-0.05123601984209958,1.0,1.0,7.2358943375305484
-0.47008258358348964,-0.2083010235345666,-0.5575413772180959,-0.31355220861061905,0.7103918092838261,-0.9913021162533395,4.235152080244149
1.0,0.9793503188605246,1.0,0.2315909860198434,-1.0,0.027874921964382446,2.275724137823522
-0.3152797621864296,-0.726790163435541,0.4844914483060121,-1.0,-1.0,-1.0,6.790449009512567
1.0,0.2839380847510651,0.43151141665074766,0.8282232624208175,-1.0,0.2380728250493538,3.1772338684187527
0.758857718480673,0.7153006522149721,0.6129817519331611,0.31220443996881664,-0.28088845924997774,0.31301518701770725,0.03830908152992597
0.696049165572902,0.27910678061466454,1.0,1.0,0.1085329336135985,-0.18973094579509875,-1.151335932133295
1.0,-0.2788364249246339,0.3571083937170587,-0.9958685590586914,0.007296663894664143,-1.0,6.600514961394547
0.40670515339805724,-0.12209484425877215,-0.9325770475783163,1.0,1.0,0.39011547215070896,-0.5803804701267112
-0.2916383480797111,-0.1093683367258203,-0.7688836729769187,-1.0,-0.07773088667967343,-1.0,2.5594792441256873
0.07896356899464596,0.4224708518509883,1.0,1.0,0.25686304693477346,0.9978577880426653,-3.786808026584829
0.2352890480150971,0.7185110512529065,0.3700378423819227,1.0,-1.0,0.17126999788931518,1.060264939906612
-0.46761423786763007,-0.15817375474222073,-0.32029132383281933,0.15472349607914873,-0.8391679517114867,-0.21463047051928857,-0.5594861040043568
-0.3376785820511229,0.745988144080468,-0.15411961025041165,-0.21974456781257223,0.03332031180617734,0.9795370763382444,3.8185457921401107
-0.3008356791878216,1.0,0.6799640552950798,-0.0488924147995331,0.2695956215795339,-0.25783258124671565,-1.6170095662803756
-1.0,-0.3374613141709699,-1.0,-0.2899298204096854,1.0,1.0,6.57276756870931
-1.0,-1.0,-0.7783171325087822,-1.0,0.48021526662892866,0.5672764402562367,-6.232045893733362
-0.6648996521585309,-1.0,-0.5760391756809152,-0.15494305774050288,1.0,0.1656737774007162,-0.6433696255368871
-0.38701450417969896,-1.0,-1.0,-0.468774503918979,-0.033080569980836916,1.0,2.2637314100592216
-0.9351288039169475,-0.6078930920624993,-0.24586424726978068,-0.7488790899196192,0.3870759486061975,-1.0,6.100683811213743
-1.0,0.43267593327275344,0.12302316977655736,0.6903876632320128,0.28449115736750535,0.260091166327454,0.24530717175296368
-0.5267634541951883,0.6981099455016115,-1.0,0.7911450473458024,0.012222685562629704,-0.8713845791561117,3.2348781998878717
-0.5124034150968555,-0.6979643076110398,-0.4032947238013682,-1.0,-0.3839858120956664,-1.0,3.8280786227986052
0.29614802493287207,-0.8029516399304932,0.21116349073855836,0.29090260644118626,0.5291718563388492,0.31199550069466797,-0.2530794962392898
0.8337657930208718,7.209477559944055e-05,-1.0,-0.1789186625597714,0.9300085489232333,0.47725402047346555,-2.04103980515295
-0.9559553139846999,1.0,0.9299326653882326,0.6060526029429761,-0.4777337945273909,0.5516870296098515,-5.7603191034635115
1.0,1.0,-0.28855393251557854,0.42500149993703085,-0.6582993961159427,-0.232206246091738,3.513687234260845
-1.0,-0.8213734240344046,-0.14959377925210926,-0.659809861894058,-0.4483177025247348,-0.17209896482630882,-0.9309749953488655
-0.18310493613236778,-1.0,-0.1776383964798139,-1.0,-0.43094518008750127,1.0,1.5243765911438285
-1.0,-0.9186918348268962,-0.42687545911616565,-1.0,0.051680687902947886,0.7613873816956478,-4.005519394762076
-0.7129336012933973,0.43915260969482106,0.046411994821560665,-1.0,1.0,0.6929241361304042,5.723392719748354
0.2029982524200935,-0.431844371122856,0.7166672797476765,-0.276888975806502,0.42664975880253975,0.3150882776738493,-0.4391256464979414
0.8970852592050989,-0.011414124603393028,1.0,-0.3014103349235432,-0.8862888624967138,-0.5337067258956636,4.548259708056129
0.7301026521454445,0.4031472766574926,0.5152979351314062,0.2624519911713632,0.23421131713143897,-0.29252488272448496,0.7816487758885917
1.0,0.8165776884266405,0.8225598438183799,0.24424168915786426,-0.299382461378942,-1.0,5.050267221909234
0.44465233595669984,0.6446275512008622,0.25837716484225925,0.5901276727219811,-0.9236981203580502,0.835308449276418,2.813129492546011
0.4965742510824849,-0.88621513929722,0.33303594699310013,0.0881129460997509,0.6589725264417081,1.0,0.9488978993406701
-0.3738231060171009,-0.8208325462790502,-0.2271068059968541,-1.0,0.5325211977994733,-0.33164908136652504,1.054365150464098
0.6551990970744579,0.1869019008181101,1.0,1.0,-0.625287650150437,-0.0878218287112319,1.8393907079324567
0.04677523611234469,-0.3501157882957021,0.03495492302163111,1.0,-0.39050123735104825,1.0,3.9117693209986353
-0.38685228278880635,-0.6813409369711256,-1.0,-0.4767249369957825,-1.0,-0.25779612312550926,-2.022586762837271
0.11702032295804154,0.05977095801260515,0.13306341572482688,1.0,-0.3591255326831708,0.32530565570993986,-0.21826217262753894
-0.4999917742572653,1.0,1.0,-0.5207716792985813,-0.8394266868427639,-1.0,-5.045011629440644
0.1267805143600511,-0.19654863636102732,0.40180950167769774,0.44176313492963915,-0.38113592362800297,-0.03847402082619589,0.17668931656013878
1.0,1.0,0.8921192691985106,0.32840373613487306,1.0,1.0,-6.206060820301069
0.4110808468399829,-1.0,-1.0,0.19387078389570844,0.5110209839341551,0.41070580506739707,-2.0427331217413514
-0.16739598386263005,-0.30502490392928194,0.81939129064487,-0.11609748724978913,0.4478441813438647,0.4308285864786119,-0.09542146504853072
-0.6100953460558549,0.05358509430951908,-0.1430597631086552,-0.5429197730134376,0.04501366609160673,-0.6454406034376903,-0.5723095818415336
0.9447622399374405,0.9138113327221165,-0.10066353197565692,0.9109292718241632,0.9972253084873154,-0.09149140791585242,-2.488585082950928
0.3274223037664485,0.9317325429400742,-0.670945297625122,0.7873199099220989,-0.6178876830570381,-1.0,4.971093029225536
0.6425378674225126,0.15210920005603845,0.7814327610527749,0.34961377510419855,0.39849421466555346,-0.23014831306472308,-0.18469420599587255
1.0,1.0,0.7669092151137814,-0.31926276640795226,-1.0,-1.0,4.362119856602905
1.0,0.44425894759917156,0.5915566424475958,-0.013094592634767699,-1.0,-1.0,5.932913574742143
0.27943822401155716,1.0,1.0,1.0,-0.27626177057075896,-1.0,0.4879469511384246
-1.0,-1.0,-1.0,-0.22300353933304362,-0.08872689279759532,0.6873460123900302,-2.948327834236928
0.36565907143073995,0.7606746267237472,1.0,0.21767195141163442,0.12142938609799298,0.08001748421317861,-1.281156750051578
-0.33501653833085643,-0.9808622898001356,-0.024695490823714916,0.52845107825811,-0.5671347573264827,0.11542646379207938,-0.7666719696708442
0.30024430628717635,0.647564002874071,0.9656288945367745,0.04510739481211351,-1.0,-0.17838386655476168,0.445411300157919
1.0,1.0,-0.2112748063880725,-0.024292206012704987,0.7271550210422676,0.04335354635680658,-0.8958664862162375
0.4993507838046156,0.5397947187240579,1.0,0.5630559418398766,0.6449758455614873,-0.22657436202371356,-1.6793036439836078
0.19438142395881414,0.15047523270774232,-0.7197739789740679,0.6202541149745993,0.39769984588871976,0.16321631337534237,-0.9474914035857775
0.05284300762300753,0.19601054976671192,-0.25206845738655237,0.7194505904657391,0.7696626761531958,0.9284445741403546,5.096215286354072
-0.7676637055281895,0.2629039656447953,-0.4349833088814845,-0.2107330921460977,-1.0,-0.3017587844088365,-1.6542248950302603
-1.0,-0.37568151137520844,-0.5118719808221461,0.6531065852975233,0.573145345377604,-0.6662199402111098,1.3202735081051853
-0.23331281370121376,0.010628670571537546,-0.26791478129822127,0.6943039340903938,-0.307115468601305,-1.0,2.7848818906665143
0.20803397564921577,0.46584410950944544,0.11839924853223782,1.0,1.0,0.7934612230902052,2.7677693803172447
0.778180754292064,1.0,1.0,1.0,-1.0,0.8076964302666706,0.21192200079593904
1.0,1.0,1.0,1.0,0.031337155014198315,-0.2111051305101359,-2.1870609774110803
0.8058470909683184,-0.22412564802227652,-0.8550759580221721,-0.8438933400839911,-0.817089503098458,-0.8954324165513042,3.7860831164369078
0.16636892674969161,1.0,-0.5891952234291714,-0.07603502982746707,0.7460786749747892,0.31903599552928785,1.924411292763494
0.10184538910629648,-0.45317914087622446,-0.22054324419804294,-0.9250079794896313,-0.34710098078506757,-1.0,3.4681059468425643
1.0,1.0,0.8664644290454495,1.0,1.0,-0.10783812741554655,-7.234024207372544
-1.0,-0.8638736536675748,0.2041618177243465,-1.0,0.1903400740712342,-0.1230657659532392,0.2192419111467287
0.7744257185189666,1.0,1.0,-0.027530070099180126,0.8591464342389779,1.0,-4.359882552439263
-1.0,-0.06634791632763748,0.25135986936561167,-1.0,0.14685928709297247,1.0,0.36348927343880916
-1.0,-1.0,-0.9008808643264159,0.15774318708560442,1.0,0.5806236654758278,-2.2884626824894325
-0.9771703444964339,-0.5676371489669889,-0.8930946134738109,-1.0,1.0,0.6048088075852134,0.058743670259935855
0.1372781669970773,-0.028038700273614103,-0.288537145342865,-0.8017127187815369,-1.0,-1.0,1.5485159839631804
-0.08534771348802073,-0.3232573489364141,-0.10369953709145802,0.16810302937134547,-0.089804139996013,-0.7775122294802052,1.9367796116437805
-0.13988736342122365,-0.407563704565413,-1.0,-1.0,0.16648413510720972,-1.0,3.337452136664557
-1.0,-1.0,-1.0,-0.36064882989520397,0.18581368583472524,0.4196816209183196,-4.506268041327741
-0.9482351073787014,-1.0,-1.0,-1.0,0.1625552149513888,-0.4943817949630548,-4.093452386322471
-0.8130377136648678,-0.9307820507277498,-1.0,0.2318549640754225,-0.6640424065496998,-1.0,1.878263118189144
1.0,0.59692190108337,0.8843631914963774,1.0,0.8765956571694005,-0.18613658109588616,-2.5929247654878145
0.002303491529665358,-0.413727788025247,0.48905982866833375,0.4578084268151206,1.0,0.12086001617154696,-0.08077203817040429
0.25279522115950054,-0.04414425459367665,1.0,1.0,-1.0,-1.0,1.49948793689059
0.6232340255798736,-0.7857826739082416,-1.0,-0.37329656118476673,0.4475444603812857,0.5528493587079553,-2.477755439070566
-1.0,-0.09476810843802652,-0.05529755437530426,-0.6028790040185461,1.0,0.1272427328529675,2.7259527118396596
1.0,0.23364297836761883,1.0,0.8619587396733406,0.6321381392105327,1.0,-5.803822912051557
0.01057686106496232,0.8739483061038775,-0.7435222464453188,0.6225245627659812,0.015589126019294339,0.41533813156378374,2.2644958371393087
0.5778581831493694,1.0,-0.31123543177964347,0.24476105952887206,0.1672743243261735,-0.4569792933724207,0.8056462500451009
0.9275007800555172,0.2642250748349484,0.44380604509862753,1.0,0.4646600729633888,1.0,0.2677424292779763
-0.1201790093083395,-0.5891626161156158,-0.10621978249615834,0.640126967825327,0.1339862647421961,-0.4086802497699246,-0.20526401164228952
-0.4168211475701452,1.0,-0.25621583232512024,0.13655312025605454,-0.5403056170609779,-0.1790082834594794,0.10513955123027666
-0.11645714242886768,0.860985652087223,0.5098470527770407,-0.0056258628449235015,-0.22957902163983457,-1.0,0.897709409966486
0.02647648136278069,-0.8979531989758226,-0.7303866519407027,-0.3387875421188628,-0.6295539406018709,0.7988365297437314,1.5944701037357674
-0.7437915777860238,-0.697954448795133,-0.38616143746010567,-0.2366825629867504,0.670992705336131,1.0,3.3685779314880726
-0.6381565713788255,-0.3615682056527394,0.6406810058992605,0.7924522586649453,0.15157024152586596,-0.14409654481533407,0.22773927780212475
-0.6869465521878411,-0.2709288373721501,-0.9174505776186295,0.2922295891469878,-0.04217925184466009,-1.0,4.542757623376039
1.0,0.8999407165643796,0.5020531071900698,1.0,-0.31828809115567613,0.6183701016980597,1.0822318632611325
-0.34905958241473223,0.4047820704381031,-0.8001097503109333,-0.014286150681236065,0.6189008714968136,-0.9730295949339817,2.044866172945406
1.0,0.4675120410990723,0.9840314750145697,0.4282414863205274,0.0895579821742194,0.007937702668251667,-0.23515982805199903
-0.05434747764599675,0.606032481933537,-0.5743142178343587,0.6595564200043809,0.5836271098929213,0.27890994050382467,0.6034777765027909
0.7871292931952691,0.19947175785027121,1.0,0.1649159854884965,0.2810464504534196,0.4708092669128302,-2.1081284385151124
-0.7786185472157138,-0.9790965803127369,-0.7012647894153279,0.9750555671772498,0.9675970935913949,-0.5385256368414467,-2.293982433317766
1.0,0.7046199751966196,1.0,1.0,-0.5004853786533657,-0.3851822211513962,3.2709103999024056
1.0,-0.8932274271913125,0.7424276815494549,0.059682134489463745,0.9527946942058676,-0.2766981237326542,-1.3403152856919447
0.3523726573831465,0.3603125238940741,1.0,0.26782076331500165,0.222196711954308,-1.0,1.0519561112814357
-0.2742044382337049,0.2645253701145615,0.47156608869904465,0.857684371950508,0.4738835450724268,0.48925083431835126,0.35567380901566703
1.0,1.0,0.341679405521508,1.0,0.6020455457470731,0.9036538103526361,-2.067941763956764
0.18051750271550626,-0.11661794221489413,-0.05137722327294525,0.5274789226242681,-0.9304594724817805,-1.0,3.3629142062005855
0.7251563513452535,1.0,-0.2721288666977815,0.8319524272278747,1.0,0.9511332340276604,2.4897788925511426
1.0,0.45829272526081244,1.0,-0.37337868282254505,0.802398504882357,0.4844911938593992,-3.3948073394267366
-0.2335036748517152,0.6766048641396214,-0.3398764766136084,0.41411650023033897,-0.09123019733561816,-0.7809359464381329,0.3551523743354663
-1.0,-1.0,0.4003941426673592,-0.8026274588145812,-1.0,-1.0,5.7043479671803015
0.12866688450841246,0.841681253041622,0.2076612925562249,0.5192454537158597,1.0,0.06290829100117468,-0.5847873960106893
-1.0,-0.38466397361971044,-1.0,-1.0,-0.39480088383168704,-0.8557375804681249,2.4077107115598126
0.8136342426217827,0.902053157137666,0.7249872574184877,1.0,-1.0,-1.0,8.370778845361802
1.0,1.0,0.49044959285148937,0.9698324402146997,0.16384390113649272,-0.19806735102920503,-0.06618901581840142
0.35295498864046837,1.0,1.0,1.0,1.0,1.0,-6.5052718094534265
-0.6592011678498735,0.31401817713155455,-1.0,-1.0,-1.0,-0.6934020032918969,-1.2817522847677523
0.7469961135234335,-0.9328973663447473,0.15504336230484173,0.43830164025305246,0.004663339410625356,0.5100454054116896,0.8621391465681064
-0.3398534592150311,-0.41157826098819084,1.0,0.7917104693160139,-1.0,-0.3477315228372809,-0.9415464040091673
1.0,-0.6890138160196011,0.9242106035292929,-0.3785971378315466,0.1696496849184796,0.12321734990431263,0.18853513486515225
-0.7761784607536778,0.2800639134916547,0.14793599232569743,-0.7585861791297924,-0.03114493676344554,0.1313457603677069,0.326177483684677
0.6839409300615271,1.0,0.8753294615601429,1.0,-1.0,-0.576650299114327,5.412846891290373
-1.0,-1.0,0.847562200046495,0.6106061348618634,0.9919923699916318,1.0,2.3041045261329516
0.8790457346064434,0.16008754622131338,-1.0,0.29276699148883206,0.07010286997945614,0.8469586573260999,3.210297608177931
-1.0,-0.4906996589441601,-0.4942766652982724,-1.0,-0.3579657784221856,-0.6501167540995124,0.27920703182876616
-0.20847302530413608,0.01064074232969886,-0.7790149079326449,0.18884414840390945,-0.8222739917228793,-0.07683266034594238,-0.8756411249771379
1.0,0.5931511475490856,1.0,0.36484752216493893,0.9906967802391979,1.0,-4.858796985698603
-1.0,-1.0,-0.9996861298780497,-0.12499754760173287,0.8254108931916122,0.7200070435497511,-1.228290981922751
-1.0,-0.3005389003352057,0.7454354222127995,0.43787773777379824,0.8338264474790378,-0.5198549416716383,3.4671487028294736
0.3017762913229075,1.0,-0.10071028383464076,-0.07389053448743363,-0.7444853981719133,-0.18773916756078923,0.9625016922058202
0.4190517805887092,0.05609358070749751,0.6704666628982622,-0.352769015056535,-0.2135995125571002,-1.0,3.948892905818539
1.0,-0.0762335307281054,1.0,0.5767639139766898,-1.0,0.407150396619303,4.713380392249666
1.0,0.36845070489433446,-0.7597461428610595,0.4724308764075872,-0.21168488704525656,-0.3421166550016438,0.7471500970349024
0.03456736104863589,-0.1169654725904298,-0.3879966343136334,0.02541944815599548,1.0,1.0,4.425651318296912
-0.13073804700684027,0.485013579440177,0.0577335252784798,0.1285831846260208,-0.8973463828125658,-1.0,0.729046828042108
0.33676851351786236,0.8252970420432915,-0.10612981510656647,-0.4328824598270452,0.31849458881142045,0.38762036802629507,1.5774356015788207
1.0,1.0,1.0,0.41871809160535767,1.0,0.7587631427240883,-7.662969091133818
-0.5859233511059468,-0.15700512368076258,-0.8476112801761405,-0.1128705585797003,-0.5090514982976476,-0.7399733056001527,0.7364892813609333
0.8789559506492828,0.5612733546419906,1.0,-0.773515537881649,0.27000724001981835,1.0,-2.262601083015967
-0.3478929727515747,1.0,0.34644364497387403,1.0,0.5235660667761368,0.5882196104157972,-0.9564734882778938
0.8773239869296978,1.0,1.0,0.06917086597623545,0.7420207607403204,-0.43738778673164713,-2.6494648187516976
0.10832462051220115,-0.7825062577327369,0.9227778950747485,-1.0,1.0,0.9028666643738303,-4.368394706354181
-1.0,-1.0,-0.8412253744171871,-0.5463465041590274,-0.9505306570295796,0.36558385953917183,-3.987105332034507
0.39868781114062274,-0.5585588021595419,0.2500238372094946,0.44236625239313676,0.0049221197346165785,-0.7828866957756289,2.184475168615328
-0.31836861582818354,-0.6394891546015598,-1.0,-1.0,1.0,0.0679635069561095,-1.4687054674359505
0.7944903004290855,0.7528844319841527,0.7755694659211769,-0.17763911643119973,0.27587733958640737,-0.18312917401377413,-0.7993697015568687
1.0,1.0,-0.8640041069650598,0.4571446791792957,0.026194944827775957,-0.47729893370570164,2.024495333875221
-0.7015973825607285,1.0,-0.12528972469761707,-0.7492150341558161,-0.24416115691732512,0.1082617729210888,0.08785084191508417
-0.15081268660139202,-0.9636981738857342,0.4212691071266139,-0.5427075430469634,-1.0,-1.0,6.3779642507659124
0.34791778382380967,0.7619607809037013,0.46252153050738515,0.6975894195890638,1.0,1.0,1.5051250731113228
-1.0,-1.0,-1.0,-1.0,1.0,0.4171696257238749,-7.311519984366084
-0.6606652228513876,-0.9415942241371595,0.8175118070293366,0.25091965524525234,-1.0,-1.0,2.06220613174466
-0.3818131372525103,-0.5615733104643608,0.49742809900011203,-0.4086479878057093,1.0,0.19183741511896868,0.395584629181403
1.0,0.045971826748698486,-0.6710687683089054,-0.10776271053688802,0.8373246307397024,0.8578251715447294,-0.18812941407510542
-0.5544879660053523,-1.0,-0.15544420544077386,-0.6226375959116837,0.6641177449094462,1.0,2.0411717700977
-0.20525862634093833,-0.09571396217964598,0.02499233915494213,1.0,0.5065726513375827,0.46401829337737655,0.9288251144713999
-0.041388829260807045,1.0,1.0,1.0,0.20950940570367232,-0.6300660655157068,-2.2640122062891934
0.12932084554360732,0.7362419843457559,-0.4983672090020419,-1.0,-0.784967351823056,-0.6368971706924142,1.2222643086332359
0.865771611472913,-0.0101647253534074,0.9188902974434809,1.0,-0.30068467561596834,-1.0,4.462714261666435
-1.0,-0.16980033249580576,0.5856118912129487,-0.7741084477086534,0.8389267437375624,0.18854775636296472,2.149877322218398
1.0,1.0,0.8879665542697543,0.9532080610517648,0.21596718660987602,1.0,-4.860943177640907
-1.0,-0.8465390355347013,-0.5784625631361409,-1.0,-0.7643283886247049,0.062008745297930636,-0.48158945603107806
1.0,0.563541065517959,0.6526690858363617,0.3898189782194188,-0.2317133432323195,-1.0,4.8903798771703695
-0.10403025204503565,-0.2226237465305401,-0.084154432031189,-0.482326545418485,-0.3729764403729772,0.7536876059873439,1.0190606896575696
-0.8522574592694261,-0.11587147214432325,-0.39606317925533835,-0.7949449146977877,1.0,-0.21307970233565127,2.6766672280028794
1.0,0.11045951208799765,0.5100881040533818,0.17250495377181796,1.0,0.7124237240909093,-2.307001588149366
-0.07604267315916924,-0.653998451238528,-1.0,-0.33496362399701374,0.9535891306119467,0.968329263250437,4.962419029758169
-0.7155695910733657,-0.8501875858902481,1.0,-1.0,-1.0,0.4608669947373394,0.38128168300839194
-0.676741812077537,-0.5274252372542216,-0.48096555598172996,-0.14657865670517423,-1.0,-1.0,-0.06472711246949242
1.0,-0.5936048664283572,0.25888792063050825,0.10635127236198795,0.22199188573687834,0.3986780422679242,-1.3135966918569504
1.0,0.1486102576538265,0.8838462074291552,-0.6237602406342972,0.8402017506377024,-0.4919380940764989,-1.9774165240525177
0.9166841973106499,1.0,-0.0593412003581647,0.8072382248990433,-0.5631977230838572,0.1270478822730559,1.7803440450734354
-0.14031067868390226,0.5099010103831256,0.3713709552285006,-0.3275491181242552,1.0,1.0,3.5307164885728164
-0.26977382653231213,-0.3362088692745202,-1.0,0.5609583274862953,0.6532581510906754,-0.22463181766213292,-0.8064155302949192
-0.6769294092960272,0.536975061768537,-0.21038855270546652,0.6642748563769549,0.016058570936727468,-1.0,3.091732413223076
-0.31493205840483474,-0.28598575846587043,0.853875710470861,1.0,1.0,0.5981418731364436,-0.14600838894484644
-1.0,-1.0,-0.2939536236419569,-0.9615559035351195,0.22096523216514885,-1.0,5.286663372888438
0.6271865608397317,0.6631705274064459,-0.24348323654154239,-0.8291115781191348,1.0,0.7072038825735544,3.566978184922216
0.12815996860556772,-0.15437260521230167,0.9053070861168796,0.21032022017101704,0.8653473338753929,0.18119978213523363,-1.0785241316855594
-0.4957152902148308,1.0,-1.0,0.5069175304015922,-1.0,1.0,9.33481802790102
-0.7901597482724783,-1.0,0.18411016483074955,-0.31822157824503405,-0.29087673939283254,0.009899967495437034,-1.0667622651287931
-1.0,-0.9880526414511916,-1.0,-1.0,-0.8713658151436067,0.10835165844341163,-3.7288114564551798
0.08963419383483184,0.692098187327582,0.25022063941569744,0.5449208317606857,0.28785456124499476,1.0,1.7115534445004281
0.7845367174459676,1.0,-0.3894538927644128,0.5300469621119539,-0.23512765857212836,0.8834978918206889,4.392228947327014
-1.0,-1.0,-0.13105486704960417,-1.0,-1.0,-1.0,6.251479275853652
-0.4202471390117435,-0.5309167427964288,-0.14399277151780066,-0.8299154094807821,-1.0,-1.0,3.1601510117443388
-0.24685410436559066,-0.6551684572982075,0.12745572572209585,0.3709585446016097,-0.72364745124298,-0.35283311346195045,0.04416250572910119
-1.0,-1.0,-1.0,-0.025230369736572333,-0.18700648929638275,-0.22230854148359253,-4.462470902843108
-0.054714449595450576,0.765918401100215,0.36400708028358914,0.45377611859177475,-0.4383989718709915,0.6553312855715453,0.49137767077403893
1.0,1.0,1.0,0.7524347196194168,1.0,-0.24818608026461902,-5.6554711078447575
0.046753286748930395,0.7916636657640785,-0.5756999396669857,-0.32380342842345455,1.0,0.12733574524894542,0.9673895719016713
-0.4224297596209723,-1.0,-0.426851810501768,-0.5914373702391447,-0.7626469145012102,-0.938289300418196,2.9881305182660007
-0.6133214850483857,-1.0,-0.8006558889316681,-0.6983153558927173,1.0,1.0,2.472401028426577
0.9092583940028024,0.7767233609814113,0.5512490851988017,0.33256185544865013,0.10610069392823251,1.0,1.3081078690062677
0.29720042976881567,-0.1731217566783967,0.3376992464484523,-1.0,0.9823817750035185,0.20868156951552574,0.5597931167399807
-1.0,-0.6529024985430472,-1.0,-0.9676873829221422,0.13161138656907645,0.2701448300047853,-4.601852910637191
1.0,-0.11470261802920934,-0.4148426431570488,0.3689997782011488,-1.0,-0.1495300317836536,2.7905134080867517
0.2688935120939595,1.0,0.7618166963050541,1.0,-1.0,-1.0,4.28424987134125
-0.8119989218619652,-0.10546193099761414,-0.7898093158267223,-1.0,0.759464560765629,0.04058827836190404,1.418130603660527
-0.665001353622662,-0.4824315596514255,-1.0,-1.0,0.8581371895536238,0.9278563651214689,4.491222488250537
0.470765248765207,0.21821054051032507,1.0,0.9361631735445737,-1.0,-0.04196416121696267,0.3694004051128457
1.0,0.6912752065138403,0.8321190465228356,0.9076256861396963,0.7507736824125094,0.2423654920310111,-4.471655519126853
0.3362402376429716,-1.0,-0.5859008539687298,-0.018694007832176535,1.0,1.0,2.271742059231033
1.0,1.0,-0.7495423539295445,0.675311794762128,-0.29350674304649305,0.3817825070421152,3.94591855552259
0.4960777740253508,1.0,-0.39327830944995396,0.3620192301145349,1.0,0.2697055541268887,0.8104918791131559
-0.19586953725168071,-0.8328377124408879,-1.0,0.34985040728216593,0.10059455889758162,-0.2215195752360077,-1.454167703780191
-0.7271489383823699,-0.7781839994458208,0.3473285573705276,-1.0,0.7674809551949258,0.6725579879800276,-0.4094239349073051
0.4200676690897423,0.7935395107588747,0.0730435489327137,-0.3079596954193877,-0.9942988798576565,-0.7862890244324221,2.15432218698774
1.0,0.09524240104762449,1.0,0.8702022395851676,-0.6332204443452816,0.45002819818137624,0.967771353366616
1.0,0.9938210151299294,1.0,-0.4124304033698543,-0.647262367146071,0.5081099216463768,-0.5007498253684572
0.2906860728213059,0.12657561129561778,0.1952310011427676,0.7269687769134878,0.34766097143312696,1.0,3.174433674127675
0.25101723593687364,0.4559614504245284,-0.30514338719976297,0.2955293423488924,1.0,0.7244407477700232,0.9030921021013789
-0.6218088210916576,0.3329455303188226,0.6882699218918812,1.0,0.2470676241842702,0.01953726540804196,-0.84287784086516
-0.7465142729611689,0.944069862820328,0.9962584484882576,0.6602023952558916,1.0,1.0,-3.30126970498135
0.8298994167447351,-0.7734201291841133,1.0,0.7697196862359973,-0.429407756657016,1.0,0.2561314017220515
0.7673300325444583,0.604633193150651,1.0,0.7396498739416675,-0.18950592630289675,-0.10511786770621467,-0.1862949667082256
-1.0,-1.0,-1.0,-0.13983618353493243,0.6105883687360669,0.935389838955718,2.572220945881083
-1.0,-0.1436541996205004,-1.0,-0.6251086222011295,1.0,0.28203327492902663,-1.32495643093496
0.9849657584561515,0.5991711636650885,1.0,-0.14838416861061093,0.7486822380438143,0.5644418989682795,-4.383102985238394
0.807597356698444,-1.0,0.034918866418111316,-1.0,0.657925393191055,0.3830700830397129,-2.0832195766675503
0.19721023849994967,1.0,1.0,1.0,-0.5423441836039082,-0.13102846937030493,-0.9908302645939241
1.0,0.32560096301968433,1.0,0.37971853980653436,0.7203907630603256,-0.612675954507357,-1.4844760701852002
0.6669996146744555,0.9801787288660533,0.35601387988561717,1.0,0.6220775781465793,-0.5067686258679627,-1.211292343276975
0.2692562541006384,-0.7657593913659984,-0.3651598456124593,0.8969420454290062,-1.0,0.9582292168438298,6.90478053728846
0.11766847723567442,-1.0,-0.48430280569332873,-1.0,0.1149090632514237,-0.8986694164182445,3.248906590374812
-0.5155836470992541,0.07430161461459012,-0.6747448761839143,-0.3197993046138847,-1.0,-0.45963745152880264,-2.487761066595792
1.0,1.0,1.0,0.6050032944027461,-0.8225209874774038,-0.6415179352336399,4.412043074725724
-0.2588912398561185,-0.9955026767312557,-0.8142244576821076,-0.6746285000345207,-1.0,-1.0,2.687071964624403
-0.8421703935069687,-0.3745473803358148,-1.0,-0.41231024241625847,0.10844377494008839,0.3521157618542509,-0.48951458251899604
-0.9797238514468735,-1.0,-0.13540173215478135,-0.9703907122555488,-0.9571706430310664,-0.017642015724680382,1.818151764004224
0.6167855663448715,-0.18971630188582922,0.1789398395231787,-0.20014826040401967,0.5383941362574486,-1.0,3.4315287159067323
-1.0,-0.8109537553355227,-1.0,-0.7508718522138396,-0.11518143776864082,0.30505171433726425,-4.305873599051115
1.0,1.0,1.0,0.5466340680227562,1.0,0.45168348910500117,-6.597835055346609
-1.0,-0.8827853872117088,-0.11355398725314336,-0.295292953721241,-0.7693682122902388,-0.024896297407949852,-2.1199335937991686
-0.5931517677863091,-1.0,1.0,-0.30320954877655537,-0.3483788314069931,0.7813557657334638,-0.8639190237880725
-0.030531005768060226,-0.39043003903451773,0.05044406301666937,-0.7622882375767188,0.1913252993971447,1.0,1.2915579933719452
1.0,0.7028576266024387,-0.44301935907167644,-0.032313280258056354,-0.5138604613902783,-1.0,3.9399979018035136
-1.0,-1.0,-1.0,-0.5499665332453989,1.0,-0.21273765760150687,-5.239890293735901
0.42916338993439673,0.11737519401759211,0.6607796921132372,-0.3706600747523073,0.02537835146988321,-0.25251656573409037,0.27921303609982817
-0.3489368521086993,0.990304086128378,-0.3840203677525284,1.0,1.0,0.0538257538476159,1.2655336349307404
-1.0,-0.7046920182984153,-0.4969405946859558,0.7601068526892452,0.5761719856577765,0.9228571165201563,3.7412294076926753
0.8423401657972096,0.11921517607009302,0.540806977381769,1.0,-0.6212888663453022,-0.7940055313428773,4.775782356306078
0.2817079301279427,0.40527932912502984,1.0,0.4592003333874576,-1.0,-0.5076298675385942,0.5514621148375635
-0.8094081758968713,-1.0,-1.0,-1.0,-1.0,-1.0,4.370284711881485
-0.13356380358297504,0.7716677162038066,-0.08425245916370586,1.0,-1.0,0.11882115923638836,1.9466702903040227
-1.0,-0.09644471577265556,-1.0,-0.7201822683380312,1.0,0.31451519893144014,0.12541741564039827
-0.4753476784738224,-0.21927459378349368,0.8211194274024337,0.2464886073862341,-1.0,-1.0,-0.30025299894840013
-0.35939226805381463,0.33582347230793635,-0.15313703876124435,-0.6967258343507838,-0.7162588921898654,-1.0,-0.5964080324932183
1.0,0.5270817722095874,0.19139167579065175,-0.8659884092039719,0.2982977645896794,1.0,2.038488650095088
-1.0,-0.24034469973500627,-1.0,-1.0,-0.4449210512317714,-1.0,2.758944059769026
0.9430905850893007,-0.9748380891040911,-0.28369600756475494,0.4159824184701077,-1.0,-0.27988469500790014,3.4286073598443725
-0.027816994968618114,0.7636577133178726,1.0,0.3387037909456192,-0.8338248966891558,0.9394280268466935,-3.2538426457419503
1.0,0.9966241592191587,1.0,-0.6748284903205137,0.42613795728507436,-0.8540891489440098,-2.9162666882005386
0.4713037298229245,0.6519532510934525,-0.9902238396845464,-0.4242301755679725,1.0,0.9411803295644128,5.227424684493151
-0.04321801705617867,-0.2087468748334122,-1.0,0.5093760537593951,-0.1169885806182675,0.6368955137158286,2.9763800753572776
-0.5346316990110447,-0.12839263866639183,-1.0,-0.06549716430445085,1.0,1.0,9.633477738061854
0.6789147688545436,0.3056456090735262,0.3488668590265651,1.0,0.11191809040397549,0.010842193561603097,0.07739709631666997
0.8465174305602113,0.09860637704760736,0.8633752973443343,0.597225200819442,0.6652241093791702,-0.5204107116547756,-0.9275422279455897
0.16114815409231423,0.3130729295613512,0.34619055707314184,-0.4089511797724664,-0.2471193878173945,0.05269787722599745,-0.6573605685025197
-0.5125819262882452,-1.0,-0.61158246928968,-0.6655849337708968,-0.06636764624150032,1.0,0.17708382065880418
1.0,1.0,0.16546011033355246,0.44644971799954236,-1.0,-1.0,6.568442199212297
-0.19100094476685278,1.0,-0.0014798012197322769,0.5207623528677593,0.514100412123157,0.7856042688651687,2.5578142744447385
-0.38892145939362066,0.18834270009589393,0.7307484937733303,0.8065188294073106,-0.8822807670522057,-1.0,1.4327817698779184
-1.0,-0.7928113408445603,-1.0,-1.0,-1.0,-0.45532429088239257,-0.42804225906883014
1.0,1.0,0.13488391698042168,0.21200387142509003,0.0370216052021104,1.0,2.136242058202929
1.0,0.8331584808105901,1.0,-0.21439109918709687,1.0,-1.0,-3.538707785490474
0.5569800825070323,-0.04102661544695224,0.5826769405160488,1.0,0.23294081610008754,0.3778741810553127,-0.09673269793280947
-1.0,-0.5793381405760851,-1.0,-0.7099139474164573,-0.7337856332971877,-0.3208692014720715,-2.2522149962504954
-0.394376435271773,-0.03541317396654764,-0.47367097192600716,1.0,-0.73272711118839,-1.0,2.656161924532502
-1.0,-0.2850048366219855,-0.12914574782441424,-0.5404746146063295,-0.9111159036177388,-0.6950845271045565,-0.7099465732329141
-0.9674406801450675,-0.2927843210753639,-0.6848279113843693,0.41540411011564815,0.5918298490196519,0.819052334752755,3.7551007155798644
0.987208316117451,0.6006387623108225,1.0,0.4292018803829387,-0.0966479036908928,-0.42630438416632654,1.918963679005361
-1.0,-0.4169727651888754,-0.08380894925372462,-0.20135717748163917,-0.08716218747224358,0.6921847875768916,-0.7790801450608934
-0.17089102377296972,-0.8754513234892575,0.4048065178580546,-0.7747285033786695,-0.9493566728125258,-1.0,7.012752933198755
-0.7062136906471106,-0.4393264782180615,0.6123410207550158,0.22735092274397684,1.0,-0.11670207785239306,1.3708206199090056
0.4798104897845241,1.0,0.01328932258063098,1.0,0.8916665731495578,-0.2017501234908855,-1.267971220026143
1.0,0.5251483625182639,1.0,1.0,-0.8626108151681857,-1.0,7.979456413006029
0.3038991474378703,1.0,0.7987118295092898,1.0,0.8839924300357818,-0.9869120577267082,-3.0790189133417933
-1.0,-0.29674616009613386,-0.8237179135553837,-1.0,1.0,0.7021794135821335,3.6293409125444347
-0.16138260513343594,-1.0,0.8297249473830164,1.0,0.8234844483018028,0.42924958339804725,-0.456902976928119
-0.5987545072013107,0.9233416146024079,0.440749640979581,0.07353906665734414,-0.6566309767036118,-1.0,0.7616887993300889
1.0,0.7089491376461555,-0.48761869312479345,0.19880753320299815,-0.9163835081522584,0.9487143717708642,7.883025609472205
0.2767441066405264,0.09627094789614324,-1.0,0.9221911555150877,-0.5894586623868892,-1.0,1.8016347658279614
-0.7116750272456187,-0.7080015325709318,-1.0,-0.15657133834832804,0.27177215003711985,-0.8524835865985225,2.9254798631787367
1.0,0.680110617072837,1.0,1.0,1.0,-0.2080604710034728,-5.305111608940659
-1.0,-1.0,-1.0,-1.0,0.2487255823327322,-0.41291854381233295,-5.66457237824158
-0.09668450027335085,-0.5347247701351248,-1.0,0.022173502254624278,-0.971667351608656,-1.0,1.8799518611302228
-0.5434486643711347,-1.0,-1.0,-0.2735148848715949,-0.3886932074787995,1.0,2.198104775170379
-0.2873574194795133,-0.15535238264402218,0.4597495353549035,0.9421112190116501,-0.013026529143806947,-0.5483895580666669,1.210981214509713
-0.10823980018801449,-0.9405872050920532,0.46031399273485407,0.5829372484857704,0.4415790137895482,1.0,2.5572323550876934
1.0,1.0,0.0010881386014858219,1.0,0.3719123477741332,0.09260079972534818,-0.8508760058488465
0.55855388930898,-0.5115355528490813,0.921506198468105,-0.687533664035014,-0.8705549105889696,-1.0,5.834177766272139
0.961811674255954,1.0,-0.9199860901069122,-1.0,1.0,1.0,8.225610029635568
0.6512675506527026,-0.20193980726381278,1.0,0.4705797592455139,-0.3315512509709858,0.2121280220901136,-0.41466808144591266
0.542486186130519,0.9545803186880308,1.0,0.6101110365990998,-0.5185921222781262,0.11319202486157443,-0.9747184057448935
1.0,0.5198576946130657,0.5538301171354698,0.8790850081105797,-0.9679442640086664,-0.17403181116185473,3.346123274104931
0.9596650595550476,0.9944223491490177,1.0,0.37631565354632834,1.0,0.30294952826855537,-6.1124734986882885
-0.1399086639497092,0.5184365993475868,0.6442487136900954,-0.6578287269760348,1.0,1.0,2.7514373192692743
1.0,1.0,0.5984884396862495,1.0,1.0,1.0,-3.5687310827214027
-0.007440297957805209,-0.6134454847656676,-0.5689671263469815,0.0070313213003627695,-0.3870092090609948,0.9393019815444676,2.4509840812534853
0.11619041076679304,0.8062501608937498,-0.46245275909726963,0.49048616979889437,-0.20335363000659124,-1.0,2.7335759838861087
-0.3011850663319676,0.7339695685677605,-1.0,-0.4511790353503027,-1.0,-0.7992512758372539,-1.3906179319012255
1.0,0.7816544029475068,0.8396060730648891,1.0,0.0490659068330388,1.0,-2.3146316311160633
1.0,0.5863682071638422,0.10613853334632961,0.8548531082916879,0.513207506603748,0.9207170838950253,1.2456100677366306
0.06769877487379516,0.5833657649033632,1.0,1.0,1.0,0.605789808866027,-3.258070975941416
-0.26582305754575053,-1.0,-0.4995338557163399,-0.9535684205768956,1.0,0.6744529400043633,-1.7856675009387508
-0.06601204998105759,0.9324406733855404,0.5255589480144602,1.0,-1.0,-0.03694853914680207,-0.28493768862510127
0.12974423836657767,-0.25729353432086977,-1.0,-0.21998447094886087,0.23767323142272612,-0.9399836864976054,3.1518431395155435
-0.5366354678219982,-1.0,-1.0,-1.0,-0.7493903151753472,-1.0,4.4848268894944034
0.10491797983903028,0.3451603887163295,1.0,1.0,1.0,1.0,-1.2935083052208904
0.8930647927816584,0.5872610088313309,1.0,1.0,0.9279032145645489,0.07752699025793798,-5.247635669340161
0.27921347011187114,-0.5132212131197729,-0.5025913665757764,-0.4299197603737579,0.7656902401765869,-0.8276790221431974,1.084695284090615
0.410936373514,0.36261236371149375,-0.9910891771896748,0.20212984164744302,0.31839954147331206,1.0,6.219752006158924
0.38811550234790254,-0.09906660237293319,-0.49763329772416065,0.24444916269485506,0.15840120581635386,0.05146605190301634,0.17051429897633727
-0.8246685784011536,-0.9902617886430078,-0.3705939975980454,-0.023137660058322518,-0.23917745255302258,-1.0,2.5509874401698505
-0.6743722348811263,1.0,-0.37947846871154295,1.0,-1.0,-1.0,3.7339097218645585
-1.0,-1.0,-0.7285360759602595,-1.0,0.07435765692620644,0.689798001538688,-4.891962607519278
0.6923373549329728,0.3680277749468386,1.0,1.0,-1.0,-0.7491701547146801,3.794998940961377
-1.0,-1.0,-1.0,-0.557050546883277,0.09413107661109699,-0.7509390360037314,-0.3665317840099393
-0.34754917816786723,1.0,-0.4082214909562054,0.6120721796715148,1.0,1.0,8.072915931886692
1.0,-0.19569426797086464,-1.0,0.19707057983288656,1.0,-0.3988148369346918,-3.815469541728409
0.22271290947920874,0.02212636621256564,0.5750955089685379,-1.0,0.1394759406846049,-1.0,2.711979988767938
-1.0,-1.0,-0.24117977022513215,-0.7107897190139487,-1.0,-1.0,3.6941762827799267
-1.0,-0.0324833475329091,-0.522324014462178,0.169001680657218,0.7708680392973775,-1.0,6.132664816743087
-0.7207077671995685,1.0,-1.0,1.0,-0.31077553630892196,-0.03225468292353309,2.5626705674633845
0.9542229671119582,1.0,1.0,0.10528429787346705,0.05814477496197901,0.28513475816949446,-3.3671969453445385
0.169753153165066,0.274744571013964,0.08657055442451767,1.0,1.0,1.0,4.741650540760903
0.23332126682732593,0.5378827940728101,1.0,-0.36901991884371355,-0.43827185952250525,1.0,0.30340607488956073
-1.0,-0.8724905175562507,-0.39389773262366096,-1.0,-1.0,0.04556587682977242,0.6655416739203281
-0.015322686293333249,0.9271897879984492,1.0,0.8923571052786247,-0.2145982987304469,-1.0,0.42377235716895634
-0.5019295818522646,0.8892399201905401,0.14581216632450889,-0.9585011552635787,-0.057320537512080244,-1.0,-1.2521868271975267
1.0,0.388102561572139,1.0,0.338309302330421,-0.844348783027226,-0.5239274937345872,6.3044710224155445
-0.05215691972608105,-0.6327437719871772,-1.0,0.46062204042993066,-1.0,-1.0,1.4605834034017213
-0.4240355375099881,-1.0,0.523724070330404,-0.672872005924033,-0.8619366453289172,-0.216922551789629,2.87718315690368
1.0,-0.6607694856692574,0.2763965219020991,-0.6881989432165543,0.5526761157831943,0.8223435286657995,-1.4980025765838696
-0.6153700262897047,0.5677862442775876,0.13758050601419147,0.5654965249531843,-0.8652320993991014,-0.9666006583723139,0.2912299656445738
-0.9948478143457231,0.1078765999510426,-1.0,-1.0,0.38739125344135095,0.762769959199579,4.088900012630278
-1.0,-1.0,-1.0,-1.0,-1.0,-1.0,5.664572071629064
0.11500006759885895,0.04824479968630355,0.6445681375017273,-0.25863802498698174,0.4554397671929437,-0.09104552356984985,0.11835779912644649
1.0,1.0,0.4948353805769423,0.2845784366608408,0.5835048531070901,1.0,-0.6445470890777061
0.24747000113595774,-0.3397995187163836,0.6538160035855844,0.01486876034937934,1.0,1.0,-0.3317328071655815
-1.0,-0.14653518111191932,-0.5124215162263176,-0.23903177460606106,-0.5480795749753427,-1.0,1.0560009638059795
0.6035995054407284,0.7603424935172283,0.6680618146304638,0.358536808678125,-0.5783351471948956,-0.06734224212619477,0.8446927161019109
-0.4042952456469091,0.00037477758993997856,-1.0,-1.0,-0.7830372157575034,-0.8865319729751606,0.15507690985725053
-0.6441571629059084,0.2808551200921954,-0.9518884258995475,-1.0,-0.8951394870716813,-0.6829980730974827,0.2734593100575031
-1.0,-0.3714543463317212,-1.0,-0.1717766413509314,0.588875919678431,-0.2893926297383436,-0.5566309743517039
0.4137827037943903,0.15656161333120278,-0.5814060183729896,-1.0,-0.30590065812691214,1.0,5.339483158136267
1.0,-0.9869102709736883,-0.9204035444456085,-1.0,0.5239012747777706,0.9625737809686792,-4.178714087494454
1.0,0.9516553330264494,0.12160406757731934,0.05088912892729214,0.02811936897911671,0.6228154135872015,0.3817382976377754
-1.0,-0.4931698975683898,-1.0,-1.0,-0.7636133278525168,-0.084017286716098,-2.1177334714760527
1.0,0.3738454277031766,0.20307802315823553,1.0,0.5547265594708357,-0.9442529949750089,1.747654326858242
-1.0,0.3127539835937068,-1.0,-0.4032090228113583,-0.9015918276619784,-1.0,0.5441901925801798
0.502418038595204,-0.5886266432079059,0.21331484844849968,-0.7701159007733516,-0.06322877366905111,1.0,0.5012552199164158
0.7004890914435403,0.9962316225447951,1.0,0.9316127959833282,0.8702887330791694,1.0,-7.990053767731081
0.44901746159191497,0.8429610246355438,-0.766927857749365,0.7411971214255224,0.4350583605901439,0.17310683922409498,0.6748644455026063
-1.0,0.06600064750464718,-1.0,-0.9857518236591518,0.5973498636492457,-1.0,6.048340589680336
-0.39680404579269685,0.7203783400780134,-0.0776272647981226,0.10544421860508496,0.4950415481942576,1.0,4.02059495677264
-0.1826193635047011,-0.7425096900427369,-0.6626246459947993,0.1683400930917231,1.0,0.6851235412266075,1.6214076211545074
-0.4672490879639921,-0.5188708744822061,-1.0,-0.07941701426034076,1.0,0.9538356129170027,7.520143028730839
0.03268531689141374,0.6442475517651143,-0.677986873587636,-0.40987070230909356,1.0,-0.543112126393104,0.3594163954493935
-0.6686827787532468,-0.24283687646126484,-0.09841115155154867,-0.550371793827438,0.11677847650040318,-0.3447101696797521,0.916832842125137
0.21043935879944575,-1.0,-1.0,-1.0,0.663778174655438,-0.9950669763858051,0.8823095623904608
-1.0,-0.8338607702835353,-0.8725716900928278,-0.4530600186784469,-0.25873554175392544,-1.0,3.811051347639762
0.8035646409636548,0.47811377645329234,0.3269889962587208,1.0,0.7594542854706031,0.7682314728327588,-1.3096067619325489
-0.5936108951662726,-0.3887960848986455,1.0,-0.8977392353502756,-1.0,-1.0,0.24786956088264434
0.9888401080320064,0.2532147798733095,-0.3318504014361502,0.35552789588696493,0.6073965905896426,0.6555540686903636,-0.2491939144802282
0.8751737019398168,-1.0,-1.0,-0.704473880415021,-0.19942018443664478,-0.7604904005013748,2.2692410264562644
-0.7669612898989235,0.6644001855461995,0.0844286757602064,-0.9763644058433477,-1.0,-1.0,-1.947688914247827
0.9153941062708882,0.1422862881795628,0.654943090682349,-0.19120547703007107,1.0,1.0,-1.3130249849100917
1.0,0.15720448871237314,1.0,1.0,-0.14312724750854666,-0.3209688069728862,0.01360652454040212
0.5655284487099843,0.4727087431920445,1.0,1.0,-0.10289309373003835,-0.2822665381485252,-0.4509716099291728
0.18437793067989505,-0.2420486085892395,0.9372272054522353,-0.479784363028356,-0.7182102109199988,-0.20596287261849255,0.8443268353055187
1.0,1.0,-0.8995046349586574,1.0,-0.00011921683652477144,-0.007628445876511902,1.827743361788633
0.69765423065288,-0.0946352338502972,0.37673728781268845,0.19908602052670388,-1.0,-0.5913010927277511,3.709905524266777
0.629341700325292,-1.0,-0.35119073907031284,0.10838546541648297,-1.0,-1.0,5.4086932176204705
-0.08943466349290036,-0.5586304758044616,0.5653601218963574,1.0,0.3722193613439715,0.5475747566751495,0.9432064097834031
1.0,1.0,0.7913110203471523,0.15623047023480152,0.15401679139917418,-0.7991943307072666,-0.2621084135742912
1.0,0.34827798110774366,0.3480949464002028,1.0,0.7803398896941802,1.0,0.15884617105222684
0.1290986243259884,-1.0,0.2126188318136873,-0.8926619423500814,-1.0,0.471419538127808,6.018493194035554
-1.0,-0.6209771198386069,-1.0,-0.5047042200697942,-1.0,0.42735442772416576,-3.873956191224884
1.0,0.2907631309446188,1.0,1.0,1.0,1.0,-6.88164699434447
0.9099048422174347,-0.6340219780422655,0.9948244161566961,0.16253278704379348,-1.0,-0.42686562335124417,7.158665575032763
-1.0,-0.5410617462192783,-1.0,-1.0,-0.01700936876287079,0.7237742085969493,-0.5664058385561259
-0.8312749485623121,-0.15890138072135263,-0.24201473961537878,-0.9600653107408255,1.0,0.7008549309854195,4.899099779149341
-1.0,-1.0,-0.4696167130249136,-1.0,1.0,0.010814560909707227,-0.7572777978723237
-0.18802693138399695,-0.2526440951043196,0.18155068851707318,-1.0,-0.4009719597234729,-0.3550860581382027,0.7353112328498245
-0.37214246297534637,1.0,0.639379604569184,1.0,0.07137070532741197,-1.0,1.113453273668575
-0.05066358924975645,1.0,-0.27188286279848445,-0.027607916115427844,0.09111642577680773,-0.4845056862755114,1.3506221388977762
0.10804514572957502,1.0,0.5725761653423416,0.6336596611584997,1.0,-0.3920129506305891,-2.3304570339918005
-0.07416826041307034,-0.4229584480515822,0.8732505574532488,-0.3482200032293263,-0.3765188243494626,-1.0,3.5708876039992035
-0.4441998648325459,0.1763269977090436,-0.5769275658475858,-1.0,1.0,1.0,8.255752831420569
-0.6232124762787111,-0.29955984126905355,-0.17103769414321815,0.7311190935918968,-0.4133639992170217,-1.0,2.651546727755158
-0.26688835176998804,-0.6122325605605563,-0.48101887791717335,-0.46907448073761016,-1.0,-1.0,2.133516407965338
-0.2842671197474067,-0.22075177246155364,1.0,1.0,-0.3546050663159207,-0.42659133770995716,-0.6592161549332306
-1.0,-0.37059679115337163,-0.06215544638076942,-0.054250215773245625,0.7517513613394291,0.2563215676132471,1.4454363515755433
-1.0,-0.5175338320646148,-0.12122174239047356,-0.3895174633658329,-0.9449466625770425,-1.0,0.2227593459667678
-0.3658656565016529,1.0,0.32526142282886866,1.0,0.6006579896431798,0.06018706028291909,-2.0606237555859983
1.0,0.049997592336525676,0.8003756814143901,1.0,-1.0,0.6616054848144118,3.1725595214560194
0.3424590015722493,0.5529816184822356,0.005560256521123963,-1.0,1.0,0.019973969389123658,1.6318998801165665
-0.3561171282427493,-1.0,-1.0,0.4337070335598668,-1.0,-0.7259162623702303,-2.596390185540371
-0.706637107445981,-0.22448274125389067,-1.0,-1.0,-0.5953045081283806,-1.0,3.802000269141288
-0.9617396338433772,-1.0,1.0,-0.6842611325097814,-0.9475833044171846,-1.0,5.639576191316262
-0.6662440780865222,-1.0,-0.384692518404691,-0.8492803704951108,-0.5242570814380041,0.9298927600128317,-0.5937660561613438
-0.6183098464443855,0.30622068689548976,-0.7353802628964943,-0.7975641838030916,-0.2685902348723833,-1.0,1.332557167617046
-1.0,-0.7546346044378072,-0.4247219478976867,-0.373733652508043,-0.06535670444922737,-1.0,4.511345407303937
-1.0,-0.03694240164458895,0.37139510721301905,-0.061081671380977975,-1.0,-1.0,-1.4550926901002625
-0.20260762818960187,-0.5925102362689658,-1.0,-1.0,-1.0,-1.0,4.202042677669448
-0.5168918292573762,-0.7996283673088477,0.5060524128249994,-0.2019224040646892,1.0,1.0,2.2889609056532847
-0.09467277123270423,-1.0,-1.0,-0.5026067564492553,-1.0,-1.0,2.9013643448698736
-0.653033086620135,-0.37602013259078393,-0.9738899790997775,-1.0,0.6925530554688708,-0.1890638635264822,-0.5528774170190816
1.0,0.9800371850531027,0.9654730048471789,1.0,0.40178840418896267,-0.859860061022912,-1.6397259298227684
-0.1869740655235821,-1.0,0.36076327309563305,1.0,-0.277971370647798,-1.0,3.2459478223338705
-0.26818658470335777,-0.6254151127735844,-1.0,0.46740851326468363,0.9946688149038403,1.0,6.775179209646409
-0.3617048237475651,0.8361613336132961,-0.2908523069215736,0.1271129616460802,-0.4892623480142444,-0.38227194664070085,-1.1059253232843615
1.0,0.6207929841902606,1.0,-0.06617035348938156,-1.0,-1.0,5.192957167875026
-1.0,6.201289627733031e-05,0.9508770892824212,-0.25383045574212426,0.0635718403091663,-0.8969331952608742,2.9607352403212457
0.02903210582742599,-0.22751640870566597,-0.18211604004585724,-0.34086028020331716,0.8926997493725456,0.506002987892769,0.8392281629945929
0.9377711521077275,0.7008176686185862,-0.24407316009483815,1.0,-1.0,0.8108318374074628,6.705122142520186
0.47256147364187573,1.0,1.0,0.21585768167547018,-0.4928272814124566,-0.8253559829747581,-1.0756131841904548
0.027219324970105485,-1.0,-1.0,-1.0,-0.21300619924681333,-0.027187074213257945,-3.4452146811048507
-0.5703966586814864,0.12248910587928785,-0.475781636908867,-0.6299515381022164,-0.6936599167167159,-1.0,0.09696902340511454
-1.0,-0.6256948306709997,1.0,0.9828216289924055,-1.0,1.0,-4.858840034806219
-0.43408136264555885,-0.45592615986546586,-0.5522120048145746,-0.1864397939722363,0.6504111643372098,0.23582246600357012,0.37604230866421273
-0.6681669534546572,0.13644264918392685,0.43811529811996697,0.0158963573854059,-0.7378098135000012,0.0239514190037472,-1.4067557384462726
0.25110540705502193,0.514595259182786,-0.9296299889865399,-0.2299185413062923,-1.0,-0.4811122095980783,-0.8488354092321144
-0.5986382418310037,-0.30555803811646154,-1.0,-1.0,-1.0,-1.0,2.7846276104549648
-0.11333725469363998,-0.33754400839452897,-1.0,-0.9356714025079609,-0.6572429030367162,-0.6808413148134871,0.24753029919290925
-1.0,-1.0,-1.0,-1.0,-0.8926495398065359,-0.05689977893306031,-2.792705753320764
0.4412386195493382,-0.5654106730726223,0.7582620693816022,-0.5631965006864825,1.0,-0.15074820370739495,-1.4887987940472207
0.08179365538101424,-0.3231293995714817,0.436811072074587,1.0,-0.9359756079593443,0.9161605908986381,2.7379912214147137
0.5025532319565125,1.0,-0.11508510634527068,-0.07403265245926403,1.0,1.0,5.518336094765421
-0.49341003998350985,-1.0,-0.15407025783996653,-1.0,-1.0,-0.7701914890611431,6.866787223979905
1.0,-0.06609994782686879,0.8072550292952325,-0.14680424246874335,-1.0,0.8676790688203458,4.120043306491154
1.0,0.7587441197447116,0.9505401447430868,0.9603418254237333,0.45171186531391516,0.8972524563191441,-4.5728895029602485
-0.7478630387931335,-0.2953437216096776,1.0,0.02636263299450716,-1.0,-0.57062331805993,-0.9691525422205854
-0.31385935070883264,-1.0,-0.7740093306727527,-0.08902699677112302,-0.9870771171159406,0.4938755004646074,-1.243842906499581
1.0,0.0683096603141008,0.6691717505346111,0.17598518023438703,1.0,0.3399433212246886,-3.9076267447903037
-1.0,-0.18683653149184665,-1.0,-1.0,-1.0,-1.0,2.6787492360544634
1.0,0.9658281842835557,0.6861083833291705,1.0,0.8651840094156357,-0.4839017994280255,-3.872576214709214
0.8950423818627928,0.6597370812462154,-0.3405662607116231,-0.05607528877395063,-1.0,-1.0,5.496039181662696
0.4786232477562601,-0.7332240544045627,0.19187554406364232,0.3538098483361013,-0.3496898140604412,-0.8006346297757656,3.4155888981181532
0.8350779061640462,0.37808400300235556,0.4220050967347502,-0.44634209244492756,-0.4462715234696608,1.0,4.150672131861715
0.4364799190394779,1.0,0.47656742364609483,1.0,0.822619148601521,1.0,-1.9442357757050317
-0.3660410670158737,-1.0,-0.6303649673886433,-0.5419057449125606,1.0,-0.41360535640574503,-0.01291955860571764
0.07811105950716923,-0.9646757350857511,0.7867509222018443,0.24721780095568874,-0.5001041262154784,-1.0,5.470671631059136
-0.8237193049317075,-1.0,-0.6770604293927396,-0.08211399085819471,0.019570786039952923,0.8015415204836627,-0.40773414884176196
-0.6367657671700879,0.8453664127567748,0.0941041334144701,-1.0,-1.0,-0.5751437137484543,-0.8993850417665834
-0.689946478474437,-0.04023156479625689,-0.4169567477259529,0.9089077185667276,0.3203742276933988,0.34779427503946525,1.4895303066463013
-0.9230679840225647,1.0,0.43177866941512516,0.8755029871802757,-1.0,-0.963648589389464,-0.05673043408857492
1.0,-0.6219772129966933,1.0,-1.0,-1.0,-0.9477336002257499,11.877045566887638
0.1664442980323697,-1.0,0.20927438018540934,-0.5158370178365473,-0.11915409512369823,-1.0,6.607227226321595
-1.0,0.15158993874722226,-0.40645911461799117,-0.251427070126242,-1.0,0.6989217103329091,-1.3340978854578918
0.9815904946380787,-0.45723888013952585,-0.08608307969990897,0.2410420870514078,-1.0,-0.9980168932738034,8.281141071380134
-1.0,-0.47387270119932445,-0.9172331728907099,0.6686381655774569,0.08892605047539259,0.14128721353947338,-2.432971827019241
0.12461952982901758,-1.0,-0.3750646506931543,0.29571511388954697,0.9353214502428104,1.0,2.887223899155578
-0.43050235204684223,1.0,0.875556107126966,0.794766858044538,0.9338055107291359,-0.5556570467403779,-3.777721262211078
-1.0,-0.897310648251427,-0.017986106983507222,-1.0,-0.45240161028380316,-0.0755691695372835,-0.7334980765412384
0.4189237412617159,1.0,0.9152345352972576,1.0,1.0,-1.0,-5.441211348941511
0.06345390306591686,1.0,1.0,0.6454442537585334,1.0,0.04756087061735936,-4.259874940852955
0.5759852319690659,-0.053957157966467856,1.0,0.3240556245686923,-1.0,-1.0,3.3878060099140384
-0.29274471716810035,-0.1273252725176155,-0.15680227807505176,0.8061132742812267,-0.13492544211298974,1.0,3.135129824698148
-0.4031636616314536,-0.8264219806843857,0.5172422263959463,-0.9136377060710771,0.7725757966683116,0.1731188609271167,0.9661887794061115
-0.008724242577528907,-1.0,-0.6235378973659347,-0.3496246878843755,-0.21883574546772344,-0.00621118831931089,-2.4272300471435324
-0.9062636147898012,-0.14715914699022395,0.21292962290655215,0.2530421068157882,0.1487608266918231,0.6932086475879764,0.07822766166525162
0.3868947080608568,-0.7987300339580491,-0.5649688349282372,-0.1851339203949099,-0.3597575791094936,1.0,3.024754319187025
-0.5187693786408974,0.09743267742663275,0.5406162149566864,0.06407197320323688,0.3928400538224773,-1.0,3.7580696726350693
-0.12474397127353709,-0.9132329476778709,-0.20935930693215155,-1.0,0.0017192538139889635,1.0,-0.2562904524061326
-0.8057515127118473,-1.0,-0.5922635284284649,-0.5583020770914857,0.15483618419207468,0.05035172739450866,-2.2154120804533872
0.4955069722919631,-0.8201784952644413,-0.4407929228315963,0.9023398970681634,0.5564240797945619,-0.16250197960035262,-1.03014428207972
-0.3536799351080917,-1.0,-0.4090534455418795,-0.8756322215023646,0.30429915475284763,1.0,-0.8446024646447008
-0.822810602538472,-0.2172545848466112,-0.653108672094898,-1.0,-0.4743342519423266,-1.0,2.6363757964574877
1.0,0.4976816536843791,-0.0847012186532482,-0.4618068209837002,-0.39224873273383065,0.1897955541521994,1.6655015546492264
-0.7531708814904134,-0.714391445154055,-1.0,-0.7416597901894355,-1.0,-0.30222651981649884,-2.02869619428981
0.3272769501921144,0.4530497386410436,-0.691805680249923,1.0,-0.9299437780270017,-0.41552310917872415,1.284492365786141
0.029880314725435175,-0.6213821789787948,-0.15066115543555048,-1.0,1.0,-1.0,5.564604344549438
0.07136822676401566,1.0,1.0,1.0,-0.39500567062476344,-0.5886037576272977,-0.9479577880548692
1.0,1.0,0.854713075958059,0.5065735200742743,-1.0,-0.3673390998302484,2.8172172014488046
-0.16858856510923237,1.0,0.6391730202733431,0.566885815326047,0.35304831200282694,-0.604308001884585,-1.1704290661535406
0.995434951350761,-0.02414252095574182,1.0,0.5655799841900208,0.14066253848450927,1.0,-3.424481812496225
-1.0,-0.5872116932479722,-0.8581444020831669,0.047808692403963016,-1.0,-0.1254474989858348,-3.5884530984593246
1.0,0.37359433695654576,0.5862352963248418,0.26196891815043566,0.882905853709858,-0.34462066380128276,-1.7370111943755533
-0.4832531884215192,-0.5196874716590076,-1.0,-0.16779943124568786,0.5873023129193746,0.8287398225051663,3.7199407050786246
0.8540373482002257,1.0,1.0,1.0,-1.0,1.0,1.2991617073966095
-0.013517192040077786,1.0,0.2856365550609554,-0.2953557674531221,1.0,-0.11124026455766842,0.663956626117033
-1.0,-0.15376641915356923,0.06999034266669613,-0.38931430795748834,-0.26280445760774884,-0.0902668893577358,0.0250349379079432
0.6695741382541267,-0.2878485716281852,0.559024639756419,-0.5029636481618189,0.09110945365122958,0.8760077386705489,-0.4612019289401442
0.05889842949312474,1.0,-0.42066353607701096,0.4410962263352691,-1.0,-0.8467065107577119,1.6205088515398463
-1.0,-0.4813336194688718,-1.0,0.498666680625355,0.7411205776933628,-0.16616198573027982,-1.821145633528078
0.3856153589187229,0.8523570587115146,0.6008402490443724,-0.15081625069701438,0.17147949354835956,1.0,1.824724205436855
0.8149511064772801,1.0,0.29578736550090523,1.0,-1.0,0.37282887487376837,4.320041522112841
0.7210517712906679,0.5027305375211408,-0.07124313670879434,0.4538499236930069,-0.37477360996576803,-1.0,4.581271489124225
0.680879256343449,0.4611869468899026,-0.42878302510659694,0.14203666214910216,-1.0,-1.0,2.698763880216316
0.528645430301419,0.36002759326746103,1.0,0.3741777054643922,0.434371914357445,-0.3960578154795469,-0.020943733596365643
0.376577720634623,0.16236514759654996,1.0,1.0,0.9397912377872557,1.0,-2.1089529657457504
-0.5659563367987608,-0.5737937205687007,0.959328959037221,-0.3773372566372154,-0.3868238361381706,1.0,-2.5011139673402756
-0.7583311065426135,1.0,1.0,0.3547322702111363,-0.35771696389379337,-0.919441400868575,-1.642106819958344
-0.28051362514709466,0.29375831366433103,0.9192276713727361,-0.4081241442627848,1.0,-0.393851939543707,0.8916889794551202
-1.0,-0.8961186670244422,0.18431406235808054,-0.574544985546754,-0.9586550420425528,-0.8528149581896136,2.2665956737742197
0.2734154205345057,-0.7761383166101197,-0.12983512259769303,0.27266553459103343,0.02762927305387386,0.3505879876169902,0.5537632602851545
-1.0,-1.0,0.9111439433753474,-0.13505900767836243,1.0,-0.5926641564093051,5.78875954038413
-0.2658361409544867,-1.0,-0.4935444921341432,-0.9757413767195933,0.23347638664760795,0.11706606346592628,-1.3592524286750185
0.5530945331329643,1.0,1.0,1.0,-0.45630120826145215,0.37819092058509346,-2.7513235650715373
-0.061219408846906076,1.0,-0.5541338798564446,0.14851825344544412,-1.0,-0.945048758521793,0.7299546080971185
-0.6231967555650373,0.06224636893951953,0.2019334074057546,-0.6287898280586165,-0.9981902526471906,0.2262033507149142,-1.9011045321407627
0.9505109058102343,0.9436801600702978,1.0,0.49335030164107074,0.3340782423940247,-0.310374845293126,-2.963225417913506
-0.5153412788039315,-1.0,-1.0,-1.0,-0.9865662484854194,-1.0,5.197043141026692
-0.06786768442235369,0.5952498287848442,0.6020119868763004,0.3898834759054407,-0.267208266144187,-0.22698689359306123,0.3205827699712857
1.0,0.30658821458203406,0.08782107692219188,-0.7612489639969914,-1.0,0.7489606635670918,5.786057730441909
-1.0,-0.6874990422728895,-1.0,-0.4547028246953482,-0.6439125424561252,-0.03679716079272993,-4.427670911106055
-1.0,-1.0,-0.03574146166504932,-1.0,-0.36338594207643,0.9269996306074325,-3.069663873575339
-1.0,-1.0,-0.39509272314399246,-0.5803610908305565,-1.0,1.0,-0.6327864204593412
0.4732935085524141,-0.45514715464450517,-0.536560432746743,0.12492898193602434,-0.004852997737415876,0.29924633731522565,0.4826756112487499
0.8747801116803149,0.6550720034951055,-0.18427978219700267,0.17752685211231486,0.19607841034480522,-0.1844965175660251,0.48379309405170967
0.6500153032358256,0.5146721437736985,-0.09692331373572166,0.16078707701742112,0.43308616056076465,-0.32363408111607517,-1.597556420589588
1.0,1.0,0.4185216291551197,0.3008475264847319,-0.5768537656654762,1.0,4.525769535853841
-1.0,-0.9069396847827942,-0.3603096301473583,-0.028559198280731612,-1.0,-0.4797867658541124,-1.5530522899590367
-1.0,-0.15036677638627283,-0.45493428932987123,-0.5143901030124566,1.0,1.0,6.7389239428547585
0.05007775426534633,0.4191478376349816,-0.8185267409889562,0.40972773435784604,-1.0,-1.0,1.015080862586737
0.2363238694399218,0.3674107637207512,-0.5260184253587549,-0.9441113794377212,0.41360474693941107,-0.619748265490439,-0.3386410220423102
-0.14632514958755258,-0.5803776131308567,-0.19688112026597118,-0.07375915031369884,-0.6766470576721199,0.5938458470963472,1.0356836686593185
0.38891735875966815,0.6130902377898853,0.916612963745743,1.0,1.0,-1.0,-2.5127327971944107
-1.0,-0.4589584677507468,-1.0,-0.6325414683422543,1.0,0.8857065381807989,3.132939828711092
0.5194198833376833,0.6436657816756874,1.0,0.2908142875539812,-0.06044755566242803,-0.24725690585787657,-0.4917742125484571
1.0,0.8736667934530751,0.5598765970058798,0.18597246675801382,-0.13896949716791748,0.6294134454924214,-0.6050156009363221
-0.9018143018403219,0.07602897726528168,-0.539439603513941,-1.0,-1.0,-1.0,-0.15342928551916685
-0.24547450723780506,0.011957184232855078,-0.613042661525986,-1.0,1.0,0.616504150100684,3.300125707587732
-0.18346410143141173,-1.0,0.07644407517881746,0.6410116047764516,-0.456982382049107,0.00929875660624413,0.24908727629693136
-0.9481343785710992,-1.0,-1.0,-1.0,0.863705056568974,1.0,-1.1715103975536698
1.0,1.0,-0.259319668684337,0.5240664748738809,0.747462306511784,0.4618022200329376,-0.9236244430053675
1.0,0.47024546645558035,0.6161857016185195,1.0,-1.0,-0.8109176277017112,8.271935260270952
1.0,0.9169495582938186,-0.1431799544123476,0.5469385883576792,-0.28127915378738777,-1.0,5.74611908622509
-0.9148686647358807,-0.5585042914746192,0.14129760928883453,0.3411408864047428,1.0,1.0,4.873996576450151
1.0,0.5705156965827678,0.7440200134100166,0.052770571528008126,0.6427590217382191,-0.9574637856853583,0.30978823539643996
-0.9119482379045811,-0.1267170840909838,-1.0,-0.2768436071534543,-0.9511788087559603,0.24395424082242717,-3.6295158164641617
1.0,1.0,0.649693059745289,0.16101953165739968,1.0,1.0,-1.8084581242904272
-0.6046803394621852,0.528361148868753,-1.0,-0.7182755821021616,0.6411810914945901,0.1330431670795289,1.5170549235443151
0.401205916112664,0.831954653520181,0.862309431087415,0.4856872103172342,-0.7881397542227058,-0.6162327708420758,1.4271043310512004
-0.4393080664639799,-1.0,-0.9845833847253525,0.37349087744482645,0.9639379644888119,-1.0,0.6215382732744319
-0.4735229703338153,1.0,0.6458562309669875,0.7884458639099362,-1.0,-1.0,0.8933482209802809
0.8324155812442977,-0.6262038024115865,-0.25447532337034645,0.08068708293542948,-0.7526313777354725,-0.37612428279891963,1.9535406934912376
-1.0,-1.0,-0.9888943394020537,-1.0,0.3722026585332192,0.2233778972382011,-7.50134076006792
-0.29746589039605176,0.20997510618517168,0.8693502476028926,0.5753694277521101,-0.18609894562573137,-0.8311919186645769,1.3602154807760163
-1.0,-0.1418464673828227,0.4911711419332735,0.4128205159789863,-0.23660819897705668,-0.7721214781074821,2.305712620117184
0.39757508825889126,-0.40172501573270747,-0.15716414221996522,-0.48825251429947586,0.08552917321884257,1.0,2.249955182225868
-0.16647937636606946,-1.0,-0.7003150639856351,-0.25918840250945663,-1.0,0.14264593571812464,-1.2297272333025113
0.6057206293684714,0.2890835047476683,1.0,0.40268470482403473,-1.0,-1.0,3.6340910690988366
0.37766033623925466,-0.9487595744070892,-1.0,-0.14271320260580317,-0.4961058325813326,1.0,4.238764461752892
0.3116422587778368,-0.3027003851268544,-0.6055444029758064,0.9117824409191742,1.0,0.27333891293042467,-1.0767996219237888
-0.5926071099131591,-0.6321916011538967,0.3321974046322604,-0.4161873342891249,-0.6184724658065768,-1.0,3.207601177310597
-0.2561742978280652,-0.1943983353790757,-1.0,0.27954369805538426,-0.18525813854358864,0.48611152979291766,1.8056402841470804
-0.7833380893660581,-0.2210988366228498,-1.0,-1.0,-1.0,-1.0,2.8511998280814614
1.0,1.0,-0.39571259303599104,1.0,-1.0,1.0,10.120354510846939
1.0,1.0,0.1349513568749776,0.25581676189575175,-0.5736316697351562,-1.0,6.131793208145105
0.9682297404055018,-0.8268465498444091,0.4995347740530806,-0.39056419908885576,-1.0,-1.0,10.501843423508241
-1.0,-0.945887985880296,-0.5187135640289321,-0.7793535698877154,-0.31124971098805354,-1.0,3.641249614561498
0.28399762156193636,-0.7892788123152125,0.1911915064346465,1.0,-1.0,-0.41178517209366094,4.227429813475032
1.0,1.0,1.0,-0.5440229490980165,0.3996048526245093,0.6418290960858557,-3.7610425546294626
0.14084226872100714,0.16384135846234987,-0.9015418481253635,-0.5213458641421662,-0.46146407071140655,-0.9331138063499693,1.106798509789793
1.0,1.0,0.6279447872150747,0.006812461354802846,1.0,-0.15919049541849917,-3.3569132742740617
-0.34301485029359063,0.46958699110610125,0.21678036636651832,1.0,-0.8996339578661159,-0.3614313412035828,-0.4131204034914352
0.8226488533347545,0.04378910119908297,0.16156027161362146,0.7409537859200731,-1.0,-0.08114353262690988,4.460631287233545
0.05480202779419041,-0.23919124586867935,0.4765738339537794,-0.40288346909364586,-1.0,-0.4039536979521827,-0.27268240651092635
0.06733872634077787,1.0,-0.1912047723315614,-0.7047942424054867,0.36724014708284564,-0.7374925219759234,-0.5106737619428581
-0.5225074769171332,0.45148718284865563,-1.0,0.6220626086649007,-0.36634055008638,-0.38584793645935056,0.39790011040294226
-0.07171002151364037,-1.0,0.09788516234818678,-1.0,-1.0,0.4864880196748524,5.985663555493385
0.3355827892707247,0.9420914277682787,1.0,1.0,-1.0,-0.17751694462296097,1.1744296133346876
-0.32470368591414833,-0.3450702297726021,0.002021512062081565,0.6771898912851959,0.8304024738593865,1.0,4.6738638105258525
0.7145459243141363,0.043193583799087165,1.0,0.7612948709400059,1.0,1.0,-3.642039583526445
-0.9690976407428505,0.2015542299881313,-0.16653372935163357,-1.0,-1.0,0.8218732642454378,1.9307523195430967
-1.0,-0.8481976057056404,-1.0,-1.0,-0.2782868161335354,-1.0,2.8648248349104346
-0.14545635195008766,0.026058527277136645,-0.9050177169413912,-0.04684159188014758,-0.7901211712953309,-0.3308082536711754,-1.0233797679207164
-0.5766859818345896,-1.0,-0.8290910064280583,-1.0,1.0,0.32249761006574107,-4.355487431470041
0.038992277069005654,-1.0,0.39326819393395296,-0.6447795287359617,1.0,-0.7211522875791331,4.879415339500351
0.15154098614021932,0.5335124772119074,0.027656837137145285,1.0,-1.0,0.4089359457911642,2.424930369688272
-0.7081506523792707,-0.6446573666564079,0.9494718970657887,1.0,0.11809880553852081,0.18809760728586167,-0.7047140778674292
0.23277568147026284,1.0,1.0,1.0,-0.7222844648366158,-1.0,2.674158135285403
0.5178233252168878,0.2949448540364079,0.646843994430397,1.0,1.0,1.0,1.5805659512525692
-1.0,-0.4388521200698179,0.09838004001403544,-1.0,-0.9907469828259374,-1.0,0.81492278801705
-0.6262024843541982,-0.34456813665884756,-0.17905353237373844,0.38449618860894996,-1.0,-0.995830204691952,-1.0975753816059834
0.2982317432351962,0.4217540162971847,0.43978244474467276,0.2949902052860529,0.30875106315264444,0.9644121305413609,1.8093115080519764
1.0,0.4918218274764534,1.0,-0.921895209566872,-0.6270510037956707,-0.9894697532086164,3.9724724563393896
-0.8171655407563683,-0.3538551403769403,0.7077235592221236,-0.9129772399656733,-0.039760986118769104,-0.698888882116218,2.4989100370726796
-0.3646374159061798,-0.8729053101053582,-0.8106075504115912,-0.07961797940572923,-0.18905505785567786,0.991188904992691,2.3805220068302324
1.0,0.5279983072744565,1.0,1.0,-0.21958132094621235,-0.432275319518836,1.800118908455494
-1.0,-0.5680130895574909,-0.8662013589321994,-1.0,-0.7739552423183814,-0.3522617313585379,-0.08211682952572719
0.28185650474463475,-0.8158313288755877,-0.7299396607488489,-0.48757588397341484,1.0,0.5454634684284931,-1.036816845050591
0.3078231380509369,1.0,0.1968315048193584,-0.06096126820589348,-1.0,0.4781855133851636,2.329086925637654
0.3128229257652023,0.8725660552232462,0.6461705173640702,-0.30423132915982226,-0.41835154712850464,-0.6584772098407432,0.04347633408249896
-1.0,-0.12867024855762788,0.19440219640651946,-1.0,0.4043295660179177,-0.7509608843977298,3.229751479316754
0.5749335502174279,-0.6710866388409973,0.5766863522165819,-0.3486071683380698,-1.0,0.3237953693908584,2.406700149317436
-0.23022098972567062,-0.0038016993693801293,-0.17374616006874088,-0.04477397364950986,0.7421118150568331,-0.8301155573897572,0.9345279118210101
0.07438457670774584,0.27972688786589694,0.3004973152577111,0.9853194957045414,-1.0,1.0,2.3076637391180466
0.3502258137248548,-0.01592721747328607,0.5685415853658385,0.61891357270299,1.0,0.14156591288886802,-0.8276705082917801
0.23204058116188986,0.8523009591976247,0.27162647988287725,-0.6384684231874256,1.0,-0.8769852519045427,0.7757191766721045
-1.0,-0.8807348815327922,-0.9862051692418597,-0.5105333218834649,0.5181382407977567,0.035373925141784335,-3.6815135837923365
0.7791823512803935,-0.729324814166393,-0.18532584333039342,-0.2647687182256923,0.07820788880943746,-0.5673537265057725,1.5806535005966484
-0.46564891472403086,-0.10342033282771079,-0.21453523480041514,1.0,-0.11611614552792993,-0.8384284440382387,0.829926718823859
0.10109867458408395,-1.0,-1.0,-1.0,0.013998567281562346,0.6831984963215316,-2.544529883601191
-0.05698740447444384,-1.0,-0.08330027453834477,-0.9718480682188004,0.19729238103550029,1.0,-0.387192851387727
0.3290239479071445,0.8787549062725241,-0.01832434310828457,-0.7926028075944738,-1.0,-1.0,3.766413983355485
-0.8476852367370609,-0.11269931228694063,1.0,-0.3601825517413183,-0.5273478530366809,0.6623665775100287,-3.48569486453578
0.12986119854450884,-0.9339748926496648,-0.5998280448130513,-1.0,-1.0,0.04359621154873805,4.215812275878505
-1.0,-1.0,-1.0,-0.6590446950244697,1.0,1.0,0.38025589593514475
1.0,1.0,1.0,0.556684570801625,1.0,0.8489552221274914,-6.855070504627154
1.0,0.6539357363665246,0.45930179196547694,1.0,-0.6196014664530416,-0.678828257511965,5.3625901402799485
0.2530055286038707,-0.2765048508184513,0.1874747650384695,0.20142541617505338,1.0,0.31476754840709903,-0.5876264691992349
-0.8844957508103796,0.34897809315581846,-0.5271725853345347,-1.0,1.0,0.24673502755526555,4.740037362111741
0.026592903336171925,0.8051910833397127,1.0,-0.45278963207846057,1.0,0.47869497231363245,-0.5346646393651171
0.690000076444889,0.3188916960487733,1.0,0.9925183580392876,-0.33942195743919307,0.48097466400860656,-1.8321013231344154
1.0,0.7268447593476447,-0.46435442075058214,-1.0,0.5985937657045959,0.5155918355843492,1.4838672667090802
-1.0,-1.0,-1.0,-0.06733954281261623,-0.6941140200440656,-0.0021421545927982066,-5.840897615065938
-0.3451859979567926,-0.5375487934221463,-0.0029768526312704546,-1.0,-0.773352477023168,-1.0,4.0898984490144334
1.0,1.0,0.3630472764929127,-0.375788211509964,1.0,-0.8219589746921493,-2.068258369553624
-0.3520116794176206,-0.668136235652317,-0.02094363160646695,-0.3487142528782754,-0.5211462283287354,0.10993486835732164,-0.6493448304744381
-1.0,-0.134148413287013,-1.0,-1.0,-1.0,-1.0,2.3254786007749093
-0.198229823155595,-0.697863009181561,-0.8682181006377434,-0.9162138857373789,0.6263761349710524,0.17609660171083485,-1.8925586066348818
0.0618821743650452,-1.0,-0.02383162965533364,-0.6126421256921264,-0.30248805411372626,-1.0,6.139862963621714
0.8951372433603827,-0.34715122238630036,-0.9957390575379466,-1.0,1.0,0.3527178340549726,-3.9570828041145085
-0.5664390581752903,-0.21780080746579378,1.0,1.0,0.9518807362336867,0.20605538838797588,-1.251833669726881
-1.0,-0.6602685076801251,0.7054905634421551,-0.780347370794962,0.4008430706851561,0.7134341693585469,-1.3946821964329827
-1.0,-1.0,-0.44175617107828424,-1.0,0.10579075575174868,0.7527433481889713,-3.484484410946177
-0.7054624982652298,-0.8654347336377372,-0.7949663760871466,-0.05520685499810301,-0.049605503718021304,-0.15995222724391647,-1.5209776792044587
1.0,0.5175359362746518,0.7066588787706642,1.0,-0.8500431020215299,0.4534036809574189,1.7253832733171626
-0.6283131342683348,-1.0,-0.3715852453796933,1.0,-0.9806116905958617,-1.0,-0.8689440144686659
0.5155590265447082,1.0,0.5222245532930427,-0.16904353800208025,1.0,1.0,2.4752904189251095
-1.0,-0.3345905069419103,-0.15936519628650647,-0.8341573380155438,-0.3171223624696027,-0.44181592158795513,-0.4106367570511251
1.0,0.4567666297107609,0.27524128779810964,-0.15310670635440551,0.09594813892579118,-0.11121877585334161,-0.2907823072574145
0.7856809141238037,1.0,0.1690217327061191,1.0,0.2994331765214516,0.09506507163383918,-1.1984164151386691
-0.6582031828736892,0.16270805773448116,-0.156378110358744,-0.8721840210959473,0.2043267746910301,-1.0,2.014601080391503
0.7641583489826146,-0.5960591057831024,-0.31896311906841573,-0.17177181379287632,0.319496137291402,-0.8874799338829769,1.1342805360421198
1.0,0.42065909962160647,0.9136963469686452,1.0,-1.0,-0.010002690952958804,4.074686472700526
-0.541454053181468,-0.34284963025149096,0.12998305357143936,-0.27196658401084356,-0.9417871612425261,-1.0,1.0657333806674805
-1.0,1.0,1.0,0.9219343400506225,0.2258260526311089,-0.9312844132792759,-2.6618619216527812
-0.6028310510804187,0.08034325417989485,-0.41825353791554765,-0.41886784199038773,-0.5443681403145639,-0.07965658739885484,-0.5544610232521661
1.0,0.3276503362612899,1.0,1.0,0.234967165547739,-0.11188942947605063,-1.378005934742093
-0.9095806160404345,0.10084969702320346,-0.04103510726037929,0.08105586053369984,-0.5243527174878284,-1.0,2.142684432573696
-0.24102572955278212,0.17326365582892023,0.7083082626609746,0.28640176069017487,1.0,0.7031755310448937,0.20999698728071858
0.08613599728515486,-0.9968922197909107,-0.2566220061029114,-1.0,-1.0,-0.5450497402252776,6.550639486705996
1.0,1.0,0.4638105592250461,0.3396423599679266,1.0,0.524089776305396,-1.9993369070192781
-1.0,-1.0,-1.0,-0.9451307778514553,-0.8871882627036433,-1.0,3.619122719739055
1.0,1.0,1.0,0.21866543501673674,-0.5466504619768469,-1.0,2.2291527244621063
-0.3169384401400096,-0.5356708457477342,-0.9274501670635544,-0.167762514551286,0.07416932650898272,0.2199666209161694,0.058198245594541925
0.5634809586325392,0.8755558923632187,-0.27349099607799343,1.0,1.0,1.0,3.441120266804374
1.0,0.14599786914523702,1.0,0.11125352025477786,-0.6285902383524271,-0.38610341047461516,4.061212522677846
-0.7092524930178458,-0.4461838523307826,-0.01001789006259557,1.0,0.1531873499531298,1.0,1.715307482649011
-0.36158137389279,-0.19426042359040618,-0.07448861053027,-0.2683469876835903,1.0,-0.8917889016120071,3.0405587213101883
-0.38146069449826236,0.3829162303475856,-1.0,-0.03854707803008428,0.3716491406682556,0.6280779591295309,4.016002594788027
0.1904977339893576,0.3149871065379814,-1.0,0.2711666851826515,0.4262615873032134,0.6312987954527406,2.582786568718019
-0.6056342257448798,0.42338415745593655,0.09062447769523346,-0.7830015419122747,-0.03983980684470789,0.3980374753431771,0.2863521970567408
-0.7549984480317128,-1.0,-0.1438061543083952,-0.4552206644401546,-0.8728446981009828,-0.7496180463724789,2.101317764647003
1.0,0.6730169166089828,0.7487757508838788,1.0,0.08135829193874466,1.0,-1.61425465446091
-0.09389766114204617,0.5370609776696188,0.5578726149101388,-1.0,-0.6267220015647604,1.0,3.343999535839155
-1.0,-1.0,-1.0,-0.5727315562623343,-1.0,-0.9356926856972474,1.07392798231704
0.5994744346703671,0.9324804740149265,0.38502883487698825,-0.6050887117287063,0.1529343576759975,1.0,3.2141738493348924
-0.8223560499501581,-0.2168060307410431,-0.17491613310281817,-0.7870600172676187,1.0,1.0,6.0704144297574825
0.8181526814234773,-0.2570973005138226,-1.0,-1.0,0.14904057480973298,1.0,1.7839425231693713
-1.0,-0.8569314453117239,0.45466599588351553,-0.6430116678710164,-1.0,-0.6995970899182936,2.5895215106988236
0.2047898468416769,-0.14482684897709197,-0.27483438969819296,-0.8272623127623645,-0.42973390776334897,0.9172279847199227,3.4296155452283497
1.0,1.0,0.13704944697313115,1.0,0.6585006395849504,-1.0,1.3651008715955673
0.5014970825879957,1.0,0.6337317526776474,1.0,1.0,0.7317451577812228,-4.159683152373571
0.687513747007138,0.5209743230517678,1.0,1.0,0.9196522838147251,0.7940100350059974,-5.599531444503166
0.5444898471970042,-0.6833172258955543,-0.13831010367707378,-1.0,-1.0,-0.8415426204835731,8.131121291144922
0.35368820525418654,-0.22509502680848903,-0.0651740308030104,-1.0,0.7755774719721883,1.0,1.7214712227702647
-1.0,-1.0,-0.5183205642839892,0.216293698126315,0.45345504997370933,0.7185127049159152,0.34914201705396103
0.7795303255869661,0.25931681341232093,0.48812216109850937,1.0,-0.451800549084044,-0.056772288465543747,0.6393719543128982
0.3456508818674363,-0.15521306027437187,-0.82309182073216,0.5278585227494995,0.2593152523910979,-0.039855748546379965,0.08773781883145615
0.7934772487919387,-0.9509366554346613,1.0,0.06668794282825641,1.0,0.7280951931628843,-3.137993108635636
-0.0959812737023541,-0.7320402010506155,-1.0,-0.008710161239132042,-0.3569984881433408,0.43494082880738405,-0.013708682909893188
1.0,0.19232096557462786,0.698315055280628,0.6430011585784907,-1.0,1.0,4.67253733118756
-1.0,-0.19070767076402162,-1.0,-1.0,1.0,-0.9224784059960702,5.8896802880252315
-1.0,-1.0,0.3325266400983954,-1.0,-0.5076968229711702,1.0,-3.8956118558735353
-0.9436603889844676,-0.4510475454344648,-0.34067722552501195,0.032396051221858305,0.7109392988793618,0.060326171301075926,1.2160850488534296
-0.45618953323430717,1.0,1.0,0.7863947435900951,0.2523239890249037,0.22267170748071474,-4.098834079293357
-0.008932024124884475,-0.49806561580553144,-0.25556193099810753,0.586339461744514,0.08014827428797106,0.8051139135454349,1.9059799864296743
-0.13269215101897636,0.24936085720921097,0.25421329223479594,-0.43345251406423335,0.8473644148139556,0.8804898732994145,2.852916137085271
0.35619144188314844,0.20898568942098605,1.0,1.0,0.7355394267760618,0.5540302371561684,-3.5036315579582036
0.21248384600311465,-1.0,0.02956592309450115,0.2095865460144984,0.5157329326691718,1.0,2.302368969257355
-1.0,-0.6154002739761344,-1.0,-0.6894663595405497,-1.0,-0.42475746526678826,-2.860111158822154
1.0,-1.0,-0.5077395046280867,-0.18286485503241176,-0.09183042934837832,0.05073583787323188,-1.0069864275224045
-0.12013274287243475,-0.015796924716701785,-1.0,-0.8581969714999549,-0.9185722459518503,1.0,8.137504915241037
-0.6160201814261841,0.2835097155741349,0.5185785756242699,-0.32181374446203004,1.0,0.9949687675270221,4.139874541758781
-1.0,-1.0,-1.0,-0.4952052010484008,-0.43128094397932093,0.5696061370748582,-5.36048800974239
1.0,0.8659689029875568,0.28736341844358454,0.39157878507242533,1.0,0.04513010588619104,-2.448842359217648
0.7417026678386796,1.0,1.0,1.0,0.4266587885136632,0.842921003999258,-8.513260485365759
-1.0,0.14948880710542956,0.06458237961014934,0.5186565414108081,0.07693394581464347,0.374658154161295,-0.37768343504790103
-1.0,-0.30632796519546024,-0.7127621997287117,-1.0,0.7828487973553433,1.0,5.192226000083002
-0.4666389747155397,-0.6615188927583766,-1.0,-1.0,1.0,1.0,3.84395252216736
0.14446335106136876,-0.004620045681692941,-1.0,-1.0,-0.4665946777744121,-0.9993810243756084,1.8402015683590396
0.8068862455769379,1.0,-0.32346313868958587,0.2283557828086662,0.5091729090375026,-1.0,1.6765067022215747
-1.0,0.5238431721172246,-1.0,0.07432952951529248,-0.061551903279661646,-0.5033105241308089,1.4518811121309305
0.35425422698279124,-1.0,-0.44514402125292507,0.6109987460284163,0.015586950707345837,1.0,1.935506502765461
0.9854436181566559,0.8378062547052426,-0.9155024269599392,-0.3159887318945386,-0.23803265433467577,-0.7731219031785123,2.0411743541348923
0.5653574650226671,0.17727885345218314,0.3191161651811153,0.7993139265387029,1.0,1.0,2.2027039246007623
-0.3725679568304152,-0.2974677117065665,-0.05777777521456001,-0.9522107380792542,-1.0,-1.0,2.705813687618757
0.22294804338706603,0.7411237542394198,-0.5705237228250303,1.0,1.0,-1.0,-0.6149200467045378
-0.5670474793100758,0.09321938454004222,-0.8678231307237074,-0.0020259458174312073,0.01125555076732887,1.0,6.751117024721667
0.2285156247844122,-1.0,0.7875076916683472,0.08468832814316202,1.0,0.7985313576022222,-0.11591770347450675
1.0,0.8606063994221222,0.7681096940375053,0.5181328272271648,-0.944846530562856,-0.7172360039922759,6.116473750711935
-1.0,0.38340961552778136,-0.5910108562051385,-0.09858512553232068,-0.6312093991622022,-0.5651623702855103,-1.0743042277895634
0.7957233702293873,-0.17227171095473381,0.14802272782743364,0.5252422130564802,0.9032550354908915,0.6721772538189769,-1.4927239382530557
-0.49269577525912,-0.35383435752771425,1.0,-0.14115805257439218,1.0,-0.02881529504150032,-1.0241561659178982
0.9308172290806995,1.0,1.0,1.0,-1.0,0.3231708123801057,3.137081516499799
-0.7195260373936996,0.6738888240720382,-0.8191930210945764,-1.0,0.570420547702289,0.7343237190990692,5.678856134820094
-0.44710119680411997,-0.28269546248396527,0.16706380627088568,-1.0,0.0013337707994353076,0.6568207210996433,0.42643463963262657
0.4508775794460562,1.0,1.0,1.0,-0.31182094201277827,0.8027966297014372,-2.4086883170859297
1.0,-0.029113103998346684,-0.8632681795359569,-0.2646606419929618,-0.9380816960989299,-1.0,5.7155805965867925
-0.8196976393277153,-0.9936149280068233,0.007926866562403462,0.6216335597609133,-0.8235461509008011,0.26294839873044,-1.0978958644104604
0.09112531664205997,0.5451693296013294,-0.28825383602256693,1.0,0.5373392934314745,-0.4870471462809556,-0.2407530017098382
0.12410411632268237,-0.12083569847920983,0.33547012613674065,0.9053489558492924,1.0,0.7291963927724837,1.5497006936879765
0.6029552166804082,-0.7839382571085778,-0.737199391357,-1.0,1.0,0.3841264977409943,-3.8744788308160536
-0.9766474301724533,-0.6964143384812388,0.07926263397789068,-1.0,-0.40470744460573754,1.0,-2.2845840443200505
0.8223359074383134,1.0,0.20968749070748738,-0.5999457666293274,0.49268860072401743,-0.4353120613442858,-1.8674008349547553
-0.7538283233730523,-1.0,-0.1945651615134376,0.1245494005893194,-1.0,-0.8434966358596193,0.7223475806308909
1.0,-0.25298863502374996,1.0,0.582268584087752,1.0,1.0,-6.6059559652678015
1.0,0.9536092736047417,1.0,0.41312320737984615,0.3918347297660183,-0.2531138162924895,-2.04926036786338
-1.0,-1.0,-1.0,-1.0,0.97226518817618,1.0,-1.3053288542006662
0.48458452285646303,-1.0,0.15995991190725717,-1.0,-0.42980766116805824,-1.0,10.103948912205661
0.3623955022979904,0.2818391361466177,-0.3743230594585215,0.9784643353299719,-0.18491512612104632,-0.06024296602527489,-0.484141298499735
0.24566525683410667,1.0,0.864403682549533,1.0,0.29847279221057255,1.0,-3.8330321678957047
0.014589192439714491,0.45797832577636777,-0.5719803576469564,-0.6458469605983849,-0.0766044785378256,-1.0,1.5955154315513291
-0.04460628943846334,-0.11989923446221384,-0.15779667548002063,-0.3012824879532108,0.4540090458469598,-1.0,3.7179014625587588
1.0,0.145192421474581,1.0,1.0,-0.7339373984175164,0.4326129075798516,2.480319602340476
1.0,0.07630157475570343,-0.01593424754480599,-0.6392724759368503,-0.6679067620922913,-0.3368359310127586,3.1713831007433853
-1.0,-1.0,0.41710227682739787,0.2736118154079683,-0.2610565851629758,0.9508085605341812,-0.2317325148758539
-0.21455845466714552,-1.0,0.2259343515786012,-0.281132101620704,-1.0,-1.0,4.587756930471235
0.2179997486729539,0.8925179285602357,-0.520206008233144,0.8743945151164813,-0.030465167444314545,0.5242933952303702,2.07215500494866
-0.40104998402440883,-1.0,-1.0,-1.0,1.0,0.28732154204192933,-5.060532328833398
-1.0,-1.0,-1.0,-1.0,0.7966794874580114,0.43081000694818505,-7.461295383600098
-0.6435315452214189,-0.2925206290172989,-1.0,-0.478631960552261,0.6603055569372954,-0.7440057693541731,1.8330972342953498
-0.7587337822840698,-0.47063730524534786,0.025766358954007584,-0.4053407948370873,-0.8140379469006511,-0.21084238520734627,-0.663739642252791
0.7911679865386911,0.9640618379656687,0.06444998982216998,1.0,-0.49939468450614133,-0.12059881771688669,2.2984066202387967
-0.869934016524444,-1.0,-0.20998895880703272,-0.4083365810723363,1.0,-0.11120257076213946,1.5703025636043577
1.0,0.31706521746488336,1.0,0.4156948734417356,0.7063059023317185,1.0,-4.37189617555908
-0.3819477850793218,0.7111127114018749,-1.0,0.20431161134221365,-1.0,-0.07215184664465712,-1.0306729791977194
0.3581715297471437,0.6788943885760649,0.5265711942648159,-0.011518812827816083,1.0,1.0,2.8376120267672786
-1.0,-0.7964578789577511,-1.0,-0.40639425620627395,0.4206490006850958,1.0,3.3571207693556775
-0.12067447439368764,-1.0,-0.07031811560291201,-0.5378343509666974,-0.3311948127838933,-1.0,5.9246664116029715
0.4380888980503012,1.0,0.19906430052451468,-0.10301570427451812,-0.6766470669031763,0.12126537041430474,0.236484457636093
-0.21532509838001343,0.8275098970662849,0.5212578512245198,-1.0,-1.0,-1.0,-0.31570208639091424
1.0,1.0,0.10876130926311783,0.8216263075481813,0.17387984515240817,0.9816700552682669,1.9049153416101214
-0.5664559534286753,-0.22528457702453958,0.06296356518077562,0.06052289764289001,-0.26801733069807243,1.0,1.1405913474272702
-1.0,-0.10121370596696622,-0.9364538636607449,-0.5970002313293234,-0.15000767782773472,1.0,6.428557309391374
1.0,1.0,0.3462124725485973,0.2537946917429228,1.0,1.0,-0.1843924279985887
0.6860773310702968,1.0,0.8049970921826382,0.2085032659561823,-0.6278567039177196,-0.447794434190014,-0.3661851272316091
-0.22302907167378117,-0.15548526482779834,-1.0,0.9892151027300434,-0.8461377609850205,-0.0639277414712256,-2.384293743155015
0.874916946731081,1.0,0.5168702965557018,0.1689797912315133,0.07802610719582304,0.18203631933952744,-0.8647873282394521
-0.6557179920824088,-1.0,-1.0,-1.0,-0.9388081247226805,-1.0,4.040424378669875
0.3836228616097721,0.1353164045002102,1.0,0.5775248917288243,-1.0,-1.0,2.187045546487353
